id,event_id,game_id,season_id,player_id,player_served,team_id,opponent_team_id,home,period,time_off_formatted,minutes,minutes_formatted,bench,penalty_shot,pp,offence,penalty_class_id,penalty_class,lang_penalty_description
2_penalty_73,73,2,1,72,72,6,4,1,1,13:23,2,2:00,0,0,1,31,1,Minor,Slashing
2_penalty_74,74,2,1,37,37,4,6,0,1,15:21,2,2:00,0,0,1,18,1,Minor,Hooking
2_penalty_75,75,2,1,36,36,4,6,0,1,19:59,2,2:00,0,0,1,18,1,Minor,Hooking
2_penalty_76,76,2,1,101,101,6,4,1,3,8:49,2,2:00,0,0,1,22,1,Minor,Interference
2_penalty_77,77,2,1,36,36,4,6,0,3,11:54,2,2:00,0,0,1,18,1,Minor,Hooking
2_penalty_78,78,2,1,149,149,4,6,0,3,12:39,2,2:00,0,0,1,18,1,Minor,Hooking
3_penalty_79,79,3,1,31,31,3,5,0,1,3:22,2,2:00,0,0,1,16,1,Minor,Holding
3_penalty_81,81,3,1,83,83,3,5,0,1,8:37,2,2:00,0,0,1,30,1,Minor,Roughing
3_penalty_80,80,3,1,161,161,3,5,0,1,10:20,2,2:00,0,0,1,35,1,Minor,Tripping
3_penalty_84,84,3,1,82,82,3,5,0,2,7:28,2,2:00,0,0,1,35,1,Minor,Tripping
3_penalty_87,87,3,1,58,58,5,3,1,2,7:50,2,2:00,0,0,1,35,1,Minor,Tripping
3_penalty_82,82,3,1,159,159,3,5,0,2,15:23,2,2:00,0,0,1,9,1,Minor,Delay of Game
3_penalty_85,85,3,1,161,161,3,5,0,3,0:54,2,2:00,0,0,1,3,1,Minor,Boarding
3_penalty_86,86,3,1,63,63,5,3,1,3,12:10,2,2:00,0,0,1,34,1,Minor,Too Many Players
4_penalty_88,88,4,1,24,24,2,1,0,1,15:21,2,2:00,0,0,1,18,1,Minor,Hooking
4_penalty_89,89,4,1,5,5,1,2,1,2,2:17,2,2:00,0,0,1,9,1,Minor,Delay of Game
4_penalty_90,90,4,1,97,97,2,1,0,3,4:38,2,2:00,0,0,1,22,1,Minor,Interference
4_penalty_91,91,4,1,24,24,2,1,0,3,11:10,2,2:00,0,0,1,18,1,Minor,Hooking
4_penalty_92,92,4,1,24,24,2,1,0,3,17:01,2,2:00,0,0,1,35,1,Minor,Tripping
5_penalty_93,93,5,1,40,40,4,6,1,1,17:42,2,2:00,0,0,1,31,1,Minor,Slashing
5_penalty_94,94,5,1,87,87,4,6,1,1,18:58,2,2:00,0,0,1,8,1,Minor,Cross Checking
5_penalty_95,95,5,1,37,37,4,6,1,2,9:52,2,2:00,0,0,1,31,1,Minor,Slashing
5_penalty_96,96,5,1,131,131,6,4,0,2,12:56,2,2:00,0,0,1,22,1,Minor,Interference
5_penalty_97,97,5,1,,165,6,4,0,2,18:06,2,2:00,1,0,1,34,1,Minor,Too Many Players
5_penalty_99,99,5,1,131,131,6,4,0,3,5:45,2,2:00,0,0,0,8,1,Minor,Cross Checking
5_penalty_100,100,5,1,74,74,6,4,0,3,5:45,2,2:00,0,0,1,30,1,Minor,Roughing
5_penalty_98,98,5,1,44,44,4,6,1,3,5:45,2,2:00,0,0,0,8,1,Minor,Cross Checking
5_penalty_101,101,5,1,76,76,6,4,0,3,15:58,2,2:00,0,0,1,9,1,Minor,Delay of Game
6_penalty_102,102,6,1,117,117,2,3,1,2,3:08,2,2:00,0,0,1,18,1,Minor,Hooking
6_penalty_103,103,6,1,115,115,2,3,1,2,10:24,2,2:00,0,0,1,8,1,Minor,Cross Checking
6_penalty_104,104,6,1,103,103,2,3,1,2,15:52,2,2:00,0,0,1,18,1,Minor,Hooking
6_penalty_105,105,6,1,156,156,3,2,0,3,1:58,2,2:00,0,0,1,31,1,Minor,Slashing
6_penalty_106,106,6,1,158,158,3,2,0,3,6:09,2,2:00,0,0,1,18,1,Minor,Hooking
6_penalty_107,107,6,1,159,159,3,2,0,3,11:20,2,2:00,0,0,1,30,1,Minor,Roughing
6_penalty_108,108,6,1,30,30,3,2,0,3,12:50,2,2:00,0,0,1,16,1,Minor,Holding
8_penalty_112,112,8,1,24,24,2,6,1,1,4:39,2,2:00,0,0,1,31,1,Minor,Slashing
8_penalty_114,114,8,1,25,25,2,6,1,1,9:09,2,2:00,0,0,1,8,1,Minor,Cross Checking
8_penalty_119,119,8,1,21,21,2,6,1,2,14:59,2,2:00,0,0,0,30,1,Minor,Roughing
8_penalty_120,120,8,1,75,75,6,2,0,2,14:59,2,2:00,0,0,0,30,1,Minor,Roughing
8_penalty_121,121,8,1,65,65,6,2,0,2,16:37,2,2:00,0,0,1,18,1,Minor,Hooking
8_penalty_122,122,8,1,76,76,6,2,0,3,13:46,2,2:00,0,0,1,30,1,Minor,Roughing
9_penalty_109,109,9,1,150,150,4,3,1,1,13:06,2,2:00,0,0,1,22,1,Minor,Interference
9_penalty_110,110,9,1,149,149,4,3,1,1,14:48,2,2:00,0,0,1,3,1,Minor,Boarding
9_penalty_111,111,9,1,81,81,3,4,0,2,5:05,2,2:00,0,0,1,18,1,Minor,Hooking
9_penalty_113,113,9,1,86,86,4,3,1,2,9:06,2,2:00,0,0,1,9,1,Minor,Delay of Game
9_penalty_115,115,9,1,163,163,3,4,0,2,14:55,2,2:00,0,0,1,22,1,Minor,Interference
9_penalty_116,116,9,1,84,84,3,4,0,2,19:17,2,2:00,0,0,1,31,1,Minor,Slashing
9_penalty_117,117,9,1,98,98,3,4,0,3,10:35,2,2:00,0,0,1,35,1,Minor,Tripping
9_penalty_118,118,9,1,42,42,4,3,1,3,11:31,2,2:00,0,0,1,35,1,Minor,Tripping
10_penalty_123,123,10,1,65,65,6,5,1,1,8:29,2,2:00,0,0,1,17,1,Minor,Holding Opp. Stick
10_penalty_124,124,10,1,76,76,6,5,1,1,8:47,2,2:00,0,0,1,30,1,Minor,Roughing
10_penalty_125,125,10,1,53,53,5,6,0,1,12:59,2,2:00,0,0,1,35,1,Minor,Tripping
10_penalty_126,126,10,1,49,49,5,6,0,2,8:42,2,2:00,0,0,1,31,1,Minor,Slashing
11_penalty_127,127,11,1,82,82,3,1,1,1,7:29,2,2:00,0,0,1,16,1,Minor,Holding
11_penalty_128,128,11,1,82,82,3,1,1,1,10:49,2,2:00,0,0,1,18,1,Minor,Hooking
11_penalty_129,129,11,1,2,2,1,3,0,2,3:20,2,2:00,0,0,1,30,1,Minor,Roughing
11_penalty_130,130,11,1,110,110,1,3,0,2,10:35,2,2:00,0,0,1,31,1,Minor,Slashing
11_penalty_131,131,11,1,163,163,3,1,1,3,12:56,2,2:00,0,0,1,18,1,Minor,Hooking
11_penalty_132,132,11,1,12,12,1,3,0,3,16:38,2,2:00,0,0,1,18,1,Minor,Hooking
12_penalty_133,133,12,1,44,44,4,2,0,1,3:57,2,2:00,0,0,1,18,1,Minor,Hooking
12_penalty_134,134,12,1,42,42,4,2,0,1,4:06,2,2:00,0,0,1,8,1,Minor,Cross Checking
12_penalty_135,135,12,1,117,117,2,4,1,2,13:28,2,2:00,0,0,1,35,1,Minor,Tripping
12_penalty_136,136,12,1,38,38,4,2,0,3,8:01,2,2:00,0,0,1,22,1,Minor,Interference
12_penalty_137,137,12,1,91,91,2,4,1,3,10:36,2,2:00,0,0,1,35,1,Minor,Tripping
12_penalty_138,138,12,1,38,38,4,2,0,4,3:20,2,2:00,0,1,0,16,1,Minor,Holding
13_penalty_139,139,13,1,46,46,4,3,0,1,4:42,2,2:00,0,0,1,35,1,Minor,Tripping
13_penalty_140,140,13,1,31,31,3,4,1,2,6:11,2,2:00,0,0,0,8,1,Minor,Cross Checking
13_penalty_141,141,13,1,42,42,4,3,0,2,6:11,2,2:00,0,0,0,30,1,Minor,Roughing
13_penalty_142,142,13,1,161,161,3,4,1,2,7:19,2,2:00,0,0,1,23,1,Minor,Inter. on Goaltender
13_penalty_143,143,13,1,84,84,3,4,1,2,15:56,2,2:00,0,0,1,30,1,Minor,Roughing
13_penalty_144,144,13,1,150,150,4,3,0,3,3:06,2,2:00,0,0,1,16,1,Minor,Holding
13_penalty_145,145,13,1,42,42,4,3,0,3,4:43,2,2:00,0,0,1,30,1,Minor,Roughing
13_penalty_146,146,13,1,163,163,3,4,1,3,17:37,2,2:00,0,0,1,10,1,Minor,Elbowing
13_penalty_147,147,13,1,86,86,4,3,0,3,18:55,2,2:00,0,0,1,23,1,Minor,Inter. on Goaltender
14_penalty_148,148,14,1,12,12,1,6,0,1,3:05,2,2:00,0,0,1,18,1,Minor,Hooking
14_penalty_149,149,14,1,1,1,1,6,0,1,6:26,2,2:00,0,0,1,35,1,Minor,Tripping
14_penalty_153,153,14,1,13,13,1,6,0,2,1:03,2,2:00,0,0,1,10,1,Minor,Elbowing
14_penalty_154,154,14,1,67,67,6,1,1,2,2:59,2,2:00,0,0,1,30,1,Minor,Roughing
14_penalty_156,156,14,1,7,7,1,6,0,2,6:31,2,2:00,0,0,1,22,1,Minor,Interference
14_penalty_159,159,14,1,14,14,1,6,0,3,2:52,2,2:00,0,0,1,18,1,Minor,Hooking
14_penalty_161,161,14,1,69,69,6,1,1,3,12:48,2,2:00,0,0,1,30,1,Minor,Roughing
15_penalty_150,150,15,1,116,116,2,5,0,1,10:06,2,2:00,0,0,1,18,1,Minor,Hooking
15_penalty_151,151,15,1,142,142,5,2,1,1,12:18,2,2:00,0,0,1,31,1,Minor,Slashing
15_penalty_152,152,15,1,117,117,2,5,0,1,17:29,2,2:00,0,0,1,18,1,Minor,Hooking
15_penalty_155,155,15,1,53,53,5,2,1,2,1:41,2,2:00,0,0,1,3,1,Minor,Boarding
15_penalty_157,157,15,1,78,78,2,5,0,2,10:32,2,2:00,0,0,1,35,1,Minor,Tripping
15_penalty_158,158,15,1,24,24,2,5,0,2,16:30,2,2:00,0,0,1,22,1,Minor,Interference
15_penalty_160,160,15,1,20,20,2,5,0,3,9:40,2,2:00,0,0,1,16,1,Minor,Holding
15_penalty_162,162,15,1,62,62,5,2,1,3,16:33,2,2:00,0,0,1,23,1,Minor,Inter. on Goaltender
16_penalty_163,163,16,1,46,46,4,1,0,1,11:54,2,2:00,0,0,1,22,1,Minor,Interference
16_penalty_164,164,16,1,35,35,4,1,0,2,8:50,2,2:00,0,0,1,35,1,Minor,Tripping
17_penalty_165,165,17,1,74,74,6,3,0,1,5:54,2,2:00,0,0,1,22,1,Minor,Interference
17_penalty_166,166,17,1,99,99,3,6,1,1,13:30,2,2:00,0,0,1,9,1,Minor,Delay of Game
17_penalty_167,167,17,1,31,31,3,6,1,1,15:19,2,2:00,0,0,0,31,1,Minor,Slashing
17_penalty_168,168,17,1,73,73,6,3,0,1,15:19,2,2:00,0,0,0,16,1,Minor,Holding
17_penalty_169,169,17,1,75,75,6,3,0,2,16:57,2,2:00,0,0,1,8,1,Minor,Cross Checking
17_penalty_170,170,17,1,72,72,6,3,0,3,12:38,2,2:00,0,0,1,30,1,Minor,Roughing
17_penalty_171,171,17,1,76,76,6,3,0,4,1:21,2,2:00,0,0,1,31,1,Minor,Slashing
18_penalty_172,172,18,1,76,76,6,5,0,1,6:32,2,2:00,0,0,1,35,1,Minor,Tripping
18_penalty_173,173,18,1,57,57,5,6,1,2,10:18,2,2:00,0,0,1,35,1,Minor,Tripping
18_penalty_174,174,18,1,137,137,5,6,1,2,16:44,2,2:00,0,0,1,3,1,Minor,Boarding
18_penalty_175,175,18,1,62,62,5,6,1,3,5:55,2,2:00,0,0,1,18,1,Minor,Hooking
18_penalty_176,176,18,1,128,128,6,5,0,3,11:06,2,2:00,0,0,1,35,1,Minor,Tripping
18_penalty_177,177,18,1,53,53,5,6,1,3,17:44,2,2:00,0,0,1,31,1,Minor,Slashing
19_penalty_178,178,19,1,88,88,5,1,1,1,8:24,2,2:00,0,0,1,30,1,Minor,Roughing
19_penalty_179,179,19,1,111,111,1,5,0,3,2:28,2,2:00,0,0,1,30,1,Minor,Roughing
19_penalty_181,181,19,1,57,57,5,1,1,3,7:20,2,2:00,0,0,0,30,1,Minor,Roughing
19_penalty_182,182,19,1,10,10,1,5,0,3,7:20,2,2:00,0,0,0,30,1,Minor,Roughing
20_penalty_180,180,20,1,82,82,3,2,0,2,2:07,2,2:00,0,0,1,18,1,Minor,Hooking
20_penalty_183,183,20,1,80,80,3,2,0,2,8:59,2,2:00,0,0,1,35,1,Minor,Tripping
20_penalty_184,184,20,1,118,118,2,3,1,2,13:44,2,2:00,0,0,1,16,1,Minor,Holding
20_penalty_185,185,20,1,81,81,3,2,0,3,3:25,2,2:00,0,0,1,18,1,Minor,Hooking
20_penalty_186,186,20,1,21,21,2,3,1,3,3:54,2,2:00,0,0,1,35,1,Minor,Tripping
20_penalty_187,187,20,1,161,161,3,2,0,3,11:24,2,2:00,0,0,1,35,1,Minor,Tripping
20_penalty_188,188,20,1,83,83,3,2,0,3,14:20,2,2:00,0,0,1,94,1,Minor,Illegal Body Checking
21_penalty_189,189,21,1,66,66,6,4,1,1,2:01,2,2:00,0,0,1,22,1,Minor,Interference
21_penalty_190,190,21,1,35,35,4,6,0,1,12:34,2,2:00,0,0,1,35,1,Minor,Tripping
21_penalty_191,191,21,1,73,73,6,4,1,1,15:31,2,2:00,0,0,1,3,1,Minor,Boarding
21_penalty_192,192,21,1,75,75,6,4,1,2,14:10,2,2:00,0,0,1,18,1,Minor,Hooking
21_penalty_193,193,21,1,39,39,4,6,0,2,16:44,2,2:00,0,0,1,35,1,Minor,Tripping
21_penalty_194,194,21,1,72,72,6,4,1,2,17:37,2,2:00,0,0,1,18,1,Minor,Hooking
21_penalty_195,195,21,1,42,42,4,6,0,3,11:14,2,2:00,0,0,1,94,1,Minor,Illegal Body Checking
22_penalty_196,196,22,1,51,51,5,3,0,1,16:39,2,2:00,0,0,1,3,1,Minor,Boarding
22_penalty_197,197,22,1,157,157,3,5,1,1,17:16,2,2:00,0,0,1,35,1,Minor,Tripping
22_penalty_198,198,22,1,157,157,3,5,1,1,19:37,2,2:00,0,0,1,3,1,Minor,Boarding
22_penalty_200,200,22,1,60,60,5,3,0,2,0:29,2,2:00,0,1,0,35,1,Minor,Tripping
22_penalty_203,203,22,1,84,84,3,5,1,3,5:35,2,2:00,0,0,1,18,1,Minor,Hooking
22_penalty_204,204,22,1,81,81,3,5,1,3,6:54,2,2:00,0,0,1,35,1,Minor,Tripping
22_penalty_205,205,22,1,57,57,5,3,0,3,10:49,2,2:00,0,0,1,16,1,Minor,Holding
23_penalty_199,199,23,1,114,114,2,1,0,1,9:26,2,2:00,0,0,1,18,1,Minor,Hooking
23_penalty_201,201,23,1,7,7,1,2,1,2,2:10,2,2:00,0,0,1,18,1,Minor,Hooking
23_penalty_202,202,23,1,118,118,2,1,0,2,9:05,2,2:00,0,0,1,18,1,Minor,Hooking
23_penalty_206,206,23,1,,8,1,2,1,3,3:04,2,2:00,1,0,1,34,1,Minor,Too Many Players
23_penalty_207,207,23,1,7,7,1,2,1,3,10:51,2,2:00,0,0,1,22,1,Minor,Interference
24_penalty_208,208,24,1,79,79,2,4,0,1,17:15,2,2:00,0,0,1,18,1,Minor,Hooking
24_penalty_209,209,24,1,104,104,2,4,0,2,7:23,2,2:00,0,0,1,3,1,Minor,Boarding
24_penalty_210,210,24,1,24,24,2,4,0,2,17:09,2,2:00,0,0,1,22,1,Minor,Interference
24_penalty_212,212,24,1,79,79,2,4,0,2,19:11,2,2:00,0,0,0,30,1,Minor,Roughing
24_penalty_211,211,24,1,35,35,4,2,1,2,19:11,2,2:00,0,0,0,30,1,Minor,Roughing
24_penalty_213,213,24,1,23,23,2,4,0,2,19:33,2,2:00,0,0,1,35,1,Minor,Tripping
24_penalty_214,214,24,1,97,97,2,4,0,3,8:10,2,2:00,0,0,1,18,1,Minor,Hooking
24_penalty_216,216,24,1,104,104,2,4,0,3,13:52,2,2:00,0,0,0,23,1,Minor,Inter. on Goaltender
24_penalty_215,215,24,1,35,35,4,2,1,3,13:52,2,2:00,0,0,0,30,1,Minor,Roughing
25_penalty_217,217,25,1,68,68,6,2,1,1,14:20,2,2:00,0,0,1,9,1,Minor,Delay of Game
25_penalty_218,218,25,1,79,79,2,6,0,1,18:06,2,2:00,0,0,1,35,1,Minor,Tripping
25_penalty_219,219,25,1,74,74,6,2,1,2,1:20,2,2:00,0,0,1,94,1,Minor,Illegal Body Checking
25_penalty_220,220,25,1,103,103,2,6,0,2,18:39,2,2:00,0,0,1,92,1,Minor,2-Minute-Hit to the head
25_penalty_221,221,25,1,104,104,2,6,0,3,3:54,2,2:00,0,0,1,18,1,Minor,Hooking
25_penalty_222,222,25,1,67,67,6,2,1,3,16:02,2,2:00,0,0,1,22,1,Minor,Interference
26_penalty_223,223,26,1,87,87,4,5,0,1,17:31,2,2:00,0,0,1,94,1,Minor,Illegal Body Checking
26_penalty_224,224,26,1,55,55,5,4,1,2,12:47,2,2:00,0,0,1,31,1,Minor,Slashing
26_penalty_225,225,26,1,38,38,4,5,0,2,16:23,2,2:00,0,0,1,16,1,Minor,Holding
26_penalty_226,226,26,1,38,38,4,5,0,2,18:39,2,2:00,0,0,1,22,1,Minor,Interference
26_penalty_227,227,26,1,44,44,4,5,0,3,7:31,2,2:00,0,0,1,3,1,Minor,Boarding
26_penalty_228,228,26,1,49,49,5,4,1,3,16:06,2,2:00,0,0,1,3,1,Minor,Boarding
27_penalty_229,229,27,1,1,1,1,3,1,1,9:27,2,2:00,0,0,1,18,1,Minor,Hooking
27_penalty_230,230,27,1,27,27,3,1,0,2,5:39,2,2:00,0,0,1,31,1,Minor,Slashing
27_penalty_231,231,27,1,5,5,1,3,1,2,11:53,2,2:00,0,0,1,30,1,Minor,Roughing
27_penalty_232,232,27,1,162,162,3,1,0,2,14:24,2,2:00,0,0,1,35,1,Minor,Tripping
28_penalty_240,240,28,1,52,52,5,2,0,2,1:58,2,2:00,0,0,1,8,1,Minor,Cross Checking
28_penalty_243,243,28,1,102,102,2,5,1,3,8:50,2,2:00,0,0,1,18,1,Minor,Hooking
29_penalty_233,233,29,1,65,65,6,1,0,1,0:48,2,2:00,0,0,1,35,1,Minor,Tripping
29_penalty_234,234,29,1,16,16,1,6,1,1,5:21,2,2:00,0,0,1,15,1,Minor,High Sticking
29_penalty_235,235,29,1,125,125,6,1,0,1,16:06,2,2:00,0,0,1,18,1,Minor,Hooking
29_penalty_236,236,29,1,15,15,1,6,1,2,4:42,2,2:00,0,0,1,94,1,Minor,Illegal Body Checking
29_penalty_237,237,29,1,65,65,6,1,0,2,6:24,2,2:00,0,0,1,22,1,Minor,Interference
29_penalty_238,238,29,1,12,12,1,6,1,2,10:17,2,2:00,0,0,1,22,1,Minor,Interference
29_penalty_239,239,29,1,74,74,6,1,0,2,14:54,2,2:00,0,0,1,3,1,Minor,Boarding
29_penalty_241,241,29,1,16,16,1,6,1,3,7:49,2,2:00,0,0,1,35,1,Minor,Tripping
29_penalty_242,242,29,1,69,69,6,1,0,3,13:56,2,2:00,0,0,1,18,1,Minor,Hooking
30_penalty_244,244,30,1,84,84,3,6,0,1,3:48,2,2:00,0,0,1,31,1,Minor,Slashing
30_penalty_245,245,30,1,73,73,6,3,1,1,6:30,2,2:00,0,0,1,35,1,Minor,Tripping
30_penalty_246,246,30,1,67,67,6,3,1,1,7:30,2,2:00,0,0,1,18,1,Minor,Hooking
30_penalty_247,247,30,1,89,89,6,3,1,1,13:16,2,2:00,0,0,1,22,1,Minor,Interference
30_penalty_248,248,30,1,126,126,6,3,1,2,18:24,2,2:00,0,0,1,10,1,Minor,Elbowing
30_penalty_249,249,30,1,161,161,3,6,0,2,18:37,2,2:00,0,0,1,35,1,Minor,Tripping
30_penalty_250,250,30,1,158,158,3,6,0,3,2:44,2,2:00,0,0,1,18,1,Minor,Hooking
30_penalty_251,251,30,1,66,66,6,3,1,3,6:14,2,2:00,0,0,1,18,1,Minor,Hooking
30_penalty_252,252,30,1,67,67,6,3,1,3,8:44,2,2:00,0,0,1,8,1,Minor,Cross Checking
31_penalty_253,253,31,1,88,88,5,2,1,1,7:35,2,2:00,0,0,1,3,1,Minor,Boarding
31_penalty_254,254,31,1,79,79,2,5,0,2,1:09,2,2:00,0,0,1,22,1,Minor,Interference
31_penalty_255,255,31,1,88,88,5,2,1,3,3:45,2,2:00,0,0,1,35,1,Minor,Tripping
32_penalty_256,256,32,1,45,45,4,1,0,1,8:31,2,2:00,0,0,1,18,1,Minor,Hooking
32_penalty_257,257,32,1,7,7,1,4,1,2,0:24,2,2:00,0,0,1,16,1,Minor,Holding
32_penalty_258,258,32,1,35,35,4,1,0,2,6:46,2,2:00,0,0,1,35,1,Minor,Tripping
32_penalty_259,259,32,1,8,8,1,4,1,2,12:13,2,2:00,0,0,0,30,1,Minor,Roughing
32_penalty_260,260,32,1,42,42,4,1,0,2,12:13,2,2:00,0,0,0,30,1,Minor,Roughing
32_penalty_261,261,32,1,9,9,1,4,1,3,12:23,2,2:00,0,0,1,15,1,Minor,High Sticking
33_penalty_262,262,33,1,118,118,2,3,0,1,1:56,2,2:00,0,0,1,35,1,Minor,Tripping
33_penalty_263,263,33,1,99,99,3,2,1,2,6:06,2,2:00,0,0,1,17,1,Minor,Holding Opp. Stick
33_penalty_264,264,33,1,11,11,2,3,0,2,11:48,2,2:00,0,0,1,18,1,Minor,Hooking
33_penalty_265,265,33,1,159,159,3,2,1,3,7:11,2,2:00,0,0,1,9,1,Minor,Delay of Game
33_penalty_266,266,33,1,84,84,3,2,1,3,9:10,2,2:00,0,0,1,18,1,Minor,Hooking
34_penalty_272,272,34,1,57,57,5,1,0,1,3:48,2,2:00,0,0,1,82,1,Minor,Ob-Interference
34_penalty_274,274,34,1,109,109,1,5,1,1,9:47,2,2:00,0,0,1,18,1,Minor,Hooking
34_penalty_275,275,34,1,10,10,1,5,1,1,12:47,2,2:00,0,0,1,3,1,Minor,Boarding
34_penalty_278,278,34,1,110,110,1,5,1,2,4:36,2,2:00,0,0,1,10,1,Minor,Elbowing
34_penalty_281,281,34,1,7,7,1,5,1,2,17:39,2,2:00,0,0,1,30,1,Minor,Roughing
34_penalty_282,282,34,1,60,60,5,1,0,2,18:37,2,2:00,0,0,1,31,1,Minor,Slashing
34_penalty_284,284,34,1,56,56,5,1,0,3,9:23,2,2:00,0,0,1,8,1,Minor,Cross Checking
34_penalty_286,286,34,1,10,10,1,5,1,3,18:08,2,2:00,0,0,0,30,1,Minor,Roughing
34_penalty_287,287,34,1,141,141,5,1,0,3,18:08,2,2:00,0,0,0,37,1,Minor,Unsportsmanlike Cnd.
35_penalty_271,271,35,1,98,98,3,4,0,1,1:32,2,2:00,0,0,1,8,1,Minor,Cross Checking
35_penalty_273,273,35,1,36,36,4,3,1,1,5:05,2,2:00,0,0,1,83,1,Minor,Ob-Tripping
35_penalty_276,276,35,1,86,86,4,3,1,1,17:25,2,2:00,0,0,1,3,1,Minor,Boarding
35_penalty_277,277,35,1,35,35,4,3,1,2,1:11,2,2:00,0,0,1,24,1,Minor,Kneeing
35_penalty_279,279,35,1,158,158,3,4,0,2,7:40,2,2:00,0,0,1,92,1,Minor,2-Minute-Hit to the head
35_penalty_280,280,35,1,47,47,4,3,1,2,15:12,2,2:00,0,0,1,30,1,Minor,Roughing
35_penalty_283,283,35,1,150,150,4,3,1,3,5:32,2,2:00,0,0,1,22,1,Minor,Interference
35_penalty_285,285,35,1,81,81,3,4,0,3,15:42,2,2:00,0,0,1,16,1,Minor,Holding
36_penalty_288,288,36,1,42,42,4,6,0,1,3:51,2,2:00,0,0,1,30,1,Minor,Roughing
36_penalty_289,289,36,1,69,69,6,4,1,1,17:08,2,2:00,0,0,1,94,1,Minor,Illegal Body Checking
36_penalty_290,290,36,1,73,73,6,4,1,2,3:57,2,2:00,0,0,1,95,1,Minor,Delay of Game - Face-off Violation
36_penalty_291,291,36,1,44,44,4,6,0,2,4:57,2,2:00,0,0,1,22,1,Minor,Interference
36_penalty_292,292,36,1,45,45,4,6,0,2,10:30,2,2:00,0,0,1,31,1,Minor,Slashing
36_penalty_293,293,36,1,75,75,6,4,1,2,19:12,2,2:00,0,0,1,18,1,Minor,Hooking
36_penalty_294,294,36,1,73,73,6,4,1,3,15:35,2,2:00,0,0,1,94,1,Minor,Illegal Body Checking
36_penalty_295,295,36,1,75,75,6,4,1,4,3:18,2,2:00,0,0,1,18,1,Minor,Hooking
37_penalty_296,296,37,1,136,136,5,3,0,1,7:51,2,2:00,0,0,1,23,1,Minor,Inter. on Goaltender
37_penalty_297,297,37,1,62,62,5,3,0,2,6:28,2,2:00,0,0,1,35,1,Minor,Tripping
37_penalty_298,298,37,1,156,156,3,5,1,2,13:45,2,2:00,0,0,1,15,1,Minor,High Sticking
37_penalty_299,299,37,1,,157,3,5,1,2,16:28,2,2:00,1,0,1,34,1,Minor,Too Many Players
37_penalty_300,300,37,1,163,163,3,5,1,3,11:58,2,2:00,0,0,1,35,1,Minor,Tripping
37_penalty_301,301,37,1,99,99,3,5,1,3,12:02,2,2:00,0,0,1,18,1,Minor,Hooking
37_penalty_302,302,37,1,99,99,3,5,1,3,18:23,2,2:00,0,0,1,31,1,Minor,Slashing
38_penalty_303,303,38,1,167,167,1,2,0,1,7:31,2,2:00,0,0,1,8,1,Minor,Cross Checking
38_penalty_304,304,38,1,22,115,2,1,1,1,15:48,2,2:00,0,0,1,35,1,Minor,Tripping
38_penalty_305,305,38,1,78,78,1,2,0,2,11:38,2,2:00,0,0,1,22,1,Minor,Interference
38_penalty_307,307,38,1,2,2,1,2,0,3,0:44,2,2:00,0,0,0,8,1,Minor,Cross Checking
38_penalty_306,306,38,1,20,20,2,1,1,3,0:44,2,2:00,0,0,0,30,1,Minor,Roughing
38_penalty_308,308,38,1,15,15,1,2,0,3,3:35,2,2:00,0,0,1,8,1,Minor,Cross Checking
38_penalty_309,309,38,1,2,2,1,2,0,3,6:57,2,2:00,0,0,1,9,1,Minor,Delay of Game
39_penalty_313,313,39,1,57,57,5,4,1,1,19:17,2,2:00,0,0,1,3,1,Minor,Boarding
39_penalty_314,314,39,1,88,88,5,4,1,2,2:14,2,2:00,0,0,1,92,1,Minor,2-Minute-Hit to the head
39_penalty_315,315,39,1,60,60,5,4,1,2,9:08,2,2:00,0,0,1,35,1,Minor,Tripping
39_penalty_317,317,39,1,42,152,4,5,0,2,12:43,5,5:00,0,0,1,51,3,Major,Major-Check/behind
39_penalty_316,316,39,1,42,42,4,5,0,2,12:53,10,10:00,0,0,0,73,5,Misconduct,Game Misconduct
39_penalty_318,318,39,1,60,60,5,4,1,3,8:30,2,2:00,0,0,1,22,1,Minor,Interference
40_penalty_310,310,40,1,24,24,2,6,1,2,0:42,2,2:00,0,0,1,18,1,Minor,Hooking
40_penalty_311,311,40,1,105,105,2,6,1,2,11:41,2,2:00,0,0,1,18,1,Minor,Hooking
40_penalty_312,312,40,1,72,72,6,2,0,2,17:36,2,2:00,0,0,1,18,1,Minor,Hooking
41_penalty_319,319,41,1,137,137,5,6,1,1,11:37,2,2:00,0,0,1,22,1,Minor,Interference
41_penalty_322,322,41,1,60,60,5,6,1,3,1:03,2,2:00,0,0,1,16,1,Minor,Holding
42_penalty_320,320,42,1,163,163,3,1,1,1,19:28,2,2:00,0,0,1,35,1,Minor,Tripping
42_penalty_321,321,42,1,117,117,1,3,0,2,6:50,2,2:00,0,0,1,22,1,Minor,Interference
42_penalty_323,323,42,1,16,16,1,3,0,3,4:34,2,2:00,0,0,1,30,1,Minor,Roughing
42_penalty_324,324,42,1,78,78,1,3,0,3,15:38,2,2:00,0,0,1,16,1,Minor,Holding
42_penalty_325,325,42,1,5,5,1,3,0,3,18:13,2,2:00,0,0,1,92,1,Minor,2-Minute-Hit to the head
43_penalty_326,326,43,1,148,148,4,2,1,2,3:07,2,2:00,0,0,1,16,1,Minor,Holding
43_penalty_327,327,43,1,103,103,2,4,0,2,5:17,2,2:00,0,0,1,35,1,Minor,Tripping
43_penalty_328,328,43,1,79,79,2,4,0,2,19:13,2,2:00,0,0,1,30,1,Minor,Roughing
43_penalty_329,329,43,1,35,36,4,2,1,3,9:43,2,2:00,0,0,1,8,1,Minor,Cross Checking
44_penalty_330,330,44,1,105,105,2,5,1,1,12:07,2,2:00,0,0,1,18,1,Minor,Hooking
44_penalty_331,331,44,1,21,21,2,5,1,1,18:06,2,2:00,0,0,1,31,1,Minor,Slashing
44_penalty_332,332,44,1,114,114,2,5,1,2,0:21,2,2:00,0,0,1,92,1,Minor,2-Minute-Hit to the head
44_penalty_333,333,44,1,79,79,2,5,1,2,2:12,2,2:00,0,0,1,35,1,Minor,Tripping
44_penalty_334,334,44,1,53,53,5,2,0,3,4:24,2,2:00,0,0,1,18,1,Minor,Hooking
44_penalty_335,335,44,1,62,62,5,2,0,3,19:26,2,2:00,0,0,1,3,1,Minor,Boarding
45_penalty_337,337,45,1,,69,6,1,1,1,7:28,2,2:00,1,0,1,34,1,Minor,Too Many Players
45_penalty_344,344,45,1,76,76,6,1,1,2,14:04,2,2:00,0,0,1,92,1,Minor,2-Minute-Hit to the head
45_penalty_350,350,45,1,16,16,1,6,0,3,17:03,2,2:00,0,0,0,30,1,Minor,Roughing
45_penalty_351,351,45,1,10,10,1,6,0,3,17:03,2,2:00,0,0,1,18,1,Minor,Hooking
45_penalty_349,349,45,1,74,74,6,1,1,3,17:03,2,2:00,0,0,0,30,1,Minor,Roughing
45_penalty_352,352,45,1,12,12,1,6,0,3,17:57,2,2:00,0,0,1,22,1,Minor,Interference
45_penalty_353,353,45,1,89,89,6,1,1,3,19:47,2,2:00,0,0,1,3,1,Minor,Boarding
46_penalty_336,336,46,1,161,161,3,4,0,1,1:09,2,2:00,0,0,1,3,1,Minor,Boarding
46_penalty_338,338,46,1,38,38,4,3,1,1,6:30,2,2:00,0,0,1,22,1,Minor,Interference
46_penalty_339,339,46,1,161,161,3,4,0,1,16:12,2,2:00,0,0,1,94,1,Minor,Illegal Body Checking
46_penalty_340,340,46,1,38,38,4,3,1,1,17:36,2,2:00,0,0,1,8,1,Minor,Cross Checking
46_penalty_341,341,46,1,36,36,4,3,1,2,1:10,2,2:00,0,0,1,35,1,Minor,Tripping
46_penalty_342,342,46,1,47,47,4,3,1,2,4:15,2,2:00,0,0,1,16,1,Minor,Holding
46_penalty_343,343,46,1,47,47,4,3,1,2,8:16,2,2:00,0,0,1,16,1,Minor,Holding
46_penalty_345,345,46,1,81,81,3,4,0,2,13:01,2,2:00,0,0,1,16,1,Minor,Holding
46_penalty_346,346,46,1,44,44,4,3,1,2,14:40,2,2:00,0,0,1,31,1,Minor,Slashing
46_penalty_347,347,46,1,163,163,3,4,0,2,19:10,2,2:00,0,0,1,18,1,Minor,Hooking
46_penalty_348,348,46,1,30,30,3,4,0,3,7:12,2,2:00,0,0,1,31,1,Minor,Slashing
47_penalty_354,354,47,1,31,31,3,6,0,1,17:44,2,2:00,0,0,1,35,1,Minor,Tripping
47_penalty_357,357,47,1,69,69,6,3,1,2,8:06,2,2:00,0,0,0,30,1,Minor,Roughing
47_penalty_360,360,47,1,158,158,3,6,0,2,8:06,2,2:00,0,0,0,30,1,Minor,Roughing
47_penalty_359,359,47,1,157,157,3,6,0,2,8:06,2,2:00,0,0,0,30,1,Minor,Roughing
47_penalty_361,361,47,1,81,81,3,6,0,2,8:06,2,2:00,0,0,0,30,1,Minor,Roughing
47_penalty_356,356,47,1,101,101,6,3,1,2,8:06,2,2:00,0,0,0,30,1,Minor,Roughing
47_penalty_355,355,47,1,72,72,6,3,1,2,8:06,2,2:00,0,0,0,30,1,Minor,Roughing
47_penalty_358,358,47,1,161,161,3,6,0,2,9:56,2,2:00,0,0,1,18,1,Minor,Hooking
47_penalty_362,362,47,1,75,75,6,3,1,2,18:17,2,2:00,0,0,1,35,1,Minor,Tripping
47_penalty_363,363,47,1,71,71,6,3,1,3,18:43,2,2:00,0,0,1,35,1,Minor,Tripping
48_penalty_364,364,48,1,110,110,1,4,1,1,6:52,2,2:00,0,0,1,3,1,Minor,Boarding
48_penalty_365,365,48,1,148,148,4,1,0,1,9:23,2,2:00,0,0,1,35,1,Minor,Tripping
48_penalty_366,366,48,1,,47,4,1,0,1,19:08,2,2:00,1,0,1,18,1,Minor,Hooking
48_penalty_367,367,48,1,87,87,4,1,0,2,6:27,2,2:00,0,0,1,35,1,Minor,Tripping
48_penalty_368,368,48,1,13,13,1,4,1,2,10:03,2,2:00,0,0,1,94,1,Minor,Illegal Body Checking
48_penalty_369,369,48,1,13,13,1,4,1,2,12:17,2,2:00,0,0,0,30,1,Minor,Roughing
48_penalty_370,370,48,1,35,35,4,1,0,2,12:17,2,2:00,0,0,0,30,1,Minor,Roughing
48_penalty_371,371,48,1,2,2,1,4,1,2,12:46,2,2:00,0,0,1,35,1,Minor,Tripping
49_penalty_372,372,49,1,81,81,3,5,1,1,18:16,2,2:00,0,0,1,22,1,Minor,Interference
49_penalty_373,373,49,1,99,99,3,5,1,2,4:16,2,2:00,0,0,1,18,1,Minor,Hooking
49_penalty_374,374,49,1,88,88,5,3,0,2,5:27,2,2:00,0,0,1,18,1,Minor,Hooking
49_penalty_375,375,49,1,158,158,3,5,1,2,8:50,2,2:00,0,0,1,22,1,Minor,Interference
49_penalty_376,376,49,1,28,157,3,5,1,2,10:06,2,2:00,0,0,1,9,1,Minor,Delay of Game
49_penalty_377,377,49,1,60,60,5,3,0,2,13:59,2,2:00,0,0,1,18,1,Minor,Hooking
49_penalty_378,378,49,1,63,63,5,3,0,2,17:10,2,2:00,0,0,1,31,1,Minor,Slashing
49_penalty_379,379,49,1,56,56,5,3,0,3,2:53,2,2:00,0,0,1,16,1,Minor,Holding
49_penalty_380,380,49,1,57,57,5,3,0,3,10:09,2,2:00,0,0,1,35,1,Minor,Tripping
49_penalty_381,381,49,1,30,30,3,5,1,3,13:02,2,2:00,0,0,1,8,1,Minor,Cross Checking
50_penalty_382,382,50,1,11,11,2,1,1,1,9:39,2,2:00,0,0,1,35,1,Minor,Tripping
50_penalty_383,383,50,1,78,78,1,2,0,2,19:25,2,2:00,0,0,1,16,1,Minor,Holding
50_penalty_384,384,50,1,5,5,1,2,0,3,13:56,2,2:00,0,0,1,24,1,Minor,Kneeing
51_penalty_385,385,51,1,39,39,4,2,0,1,16:27,2,2:00,0,0,1,31,1,Minor,Slashing
51_penalty_386,386,51,1,24,24,2,4,1,1,16:56,2,2:00,0,0,1,16,1,Minor,Holding
51_penalty_387,387,51,1,20,20,2,4,1,2,5:23,2,2:00,0,0,1,9,1,Minor,Delay of Game
51_penalty_388,388,51,1,37,37,4,2,0,2,14:20,2,2:00,0,0,1,15,1,Minor,High Sticking
51_penalty_389,389,51,1,116,116,2,4,1,2,17:53,2,2:00,0,0,1,35,1,Minor,Tripping
51_penalty_390,390,51,1,33,33,4,2,0,3,3:38,2,2:00,0,0,1,30,1,Minor,Roughing
52_penalty_402,402,52,1,71,71,6,1,1,1,9:27,2,2:00,0,0,1,22,1,Minor,Interference
52_penalty_403,403,52,1,75,75,6,1,1,1,10:06,2,2:00,0,0,1,35,1,Minor,Tripping
52_penalty_404,404,52,1,73,73,6,1,1,1,16:26,2,2:00,0,0,1,31,1,Minor,Slashing
52_penalty_407,407,52,1,9,9,1,6,0,2,17:39,2,2:00,0,0,1,15,1,Minor,High Sticking
52_penalty_408,408,52,1,7,7,1,6,0,2,18:04,2,2:00,0,0,1,22,1,Minor,Interference
52_penalty_410,410,52,1,49,49,1,6,0,3,1:28,2,2:00,0,0,1,35,1,Minor,Tripping
52_penalty_411,411,52,1,18,18,1,6,0,3,6:33,2,2:00,0,0,1,92,1,Minor,2-Minute-Hit to the head
53_penalty_399,399,53,1,47,47,4,5,1,1,3:45,2,2:00,0,0,1,22,1,Minor,Interference
53_penalty_400,400,53,1,57,57,5,4,0,1,5:45,2,2:00,0,0,1,18,1,Minor,Hooking
53_penalty_401,401,53,1,87,87,4,5,1,1,7:23,2,2:00,0,0,1,3,1,Minor,Boarding
53_penalty_405,405,53,1,88,88,5,4,0,2,0:54,2,2:00,0,0,1,35,1,Minor,Tripping
53_penalty_406,406,53,1,86,86,4,5,1,2,2:33,2,2:00,0,0,1,35,1,Minor,Tripping
53_penalty_409,409,53,1,61,61,5,4,0,2,19:38,2,2:00,0,0,1,30,1,Minor,Roughing
53_penalty_412,412,53,1,149,149,4,5,1,3,7:18,2,2:00,0,0,0,30,1,Minor,Roughing
53_penalty_415,415,53,1,161,161,5,4,0,3,7:18,10,10:00,0,0,0,73,5,Misconduct,Game Misconduct
53_penalty_413,413,53,1,161,107,5,4,0,3,7:18,5,5:00,0,0,1,48,3,Major,Major-Boarding
53_penalty_414,414,53,1,60,60,5,4,0,3,9:15,2,2:00,0,0,1,22,1,Minor,Interference
54_penalty_416,416,54,1,141,141,5,6,1,1,5:30,2,2:00,0,0,1,18,1,Minor,Hooking
54_penalty_417,417,54,1,133,133,6,5,0,1,7:16,2,2:00,0,0,1,22,1,Minor,Interference
54_penalty_418,418,54,1,63,63,5,6,1,1,9:56,2,2:00,0,0,1,23,1,Minor,Inter. on Goaltender
54_penalty_419,419,54,1,142,142,5,6,1,1,15:15,2,2:00,0,0,1,18,1,Minor,Hooking
54_penalty_420,420,54,1,76,76,6,5,0,1,15:38,2,2:00,0,0,1,30,1,Minor,Roughing
54_penalty_421,421,54,1,73,73,6,5,0,2,11:22,2,2:00,0,0,1,94,1,Minor,Illegal Body Checking
54_penalty_422,422,54,1,57,57,5,6,1,2,17:42,2,2:00,0,0,1,35,1,Minor,Tripping
54_penalty_423,423,54,1,67,67,6,5,0,2,19:14,2,2:00,0,0,1,30,1,Minor,Roughing
55_penalty_424,424,55,1,30,30,3,2,0,1,8:11,2,2:00,0,0,1,35,1,Minor,Tripping
55_penalty_425,425,55,1,91,91,2,3,1,1,14:34,2,2:00,0,0,1,24,1,Minor,Kneeing
55_penalty_426,426,55,1,162,162,3,2,0,1,16:02,2,2:00,0,0,1,35,1,Minor,Tripping
55_penalty_427,427,55,1,92,92,2,3,1,2,2:26,2,2:00,0,0,1,18,1,Minor,Hooking
56_penalty_428,428,56,1,109,109,1,4,0,1,7:18,2,2:00,0,0,1,18,1,Minor,Hooking
56_penalty_429,429,56,1,12,12,1,4,0,2,0:37,2,2:00,0,0,1,18,1,Minor,Hooking
56_penalty_430,430,56,1,110,110,1,4,0,2,4:25,2,2:00,0,0,1,31,1,Minor,Slashing
56_penalty_431,431,56,1,15,15,1,4,0,2,11:50,2,2:00,0,0,1,8,1,Minor,Cross Checking
56_penalty_432,432,56,1,,14,1,4,0,2,19:21,2,2:00,1,0,1,34,1,Minor,Too Many Players
56_penalty_433,433,56,1,109,109,1,4,0,3,5:17,2,2:00,0,0,1,8,1,Minor,Cross Checking
56_penalty_434,434,56,1,42,42,4,1,1,3,14:45,2,2:00,0,0,1,8,1,Minor,Cross Checking
57_penalty_436,436,57,1,74,74,6,1,0,1,11:32,2,2:00,0,1,1,35,1,Minor,Tripping
57_penalty_439,439,57,1,67,67,6,1,0,2,5:08,2,2:00,0,1,1,22,1,Minor,Interference
57_penalty_442,442,57,1,110,110,1,6,1,3,17:15,2,2:00,0,1,1,3,1,Minor,Boarding
57_penalty_444,444,57,1,110,110,1,6,1,3,20:00,2,2:00,0,1,1,30,1,Minor,Roughing
58_penalty_435,435,58,1,105,105,2,3,0,1,6:23,2,2:00,0,0,1,9,1,Minor,Delay of Game
58_penalty_437,437,58,1,115,115,2,3,0,1,16:19,2,2:00,0,0,1,31,1,Minor,Slashing
58_penalty_438,438,58,1,138,138,3,2,1,2,1:36,2,2:00,0,0,1,18,1,Minor,Hooking
58_penalty_440,440,58,1,138,138,3,2,1,2,4:01,2,2:00,0,0,1,35,1,Minor,Tripping
58_penalty_441,441,58,1,118,118,2,3,0,2,5:16,2,2:00,0,0,1,22,1,Minor,Interference
58_penalty_443,443,58,1,79,79,2,3,0,3,18:19,2,2:00,0,0,1,16,1,Minor,Holding
59_penalty_456,456,59,1,53,53,5,2,1,1,7:46,2,2:00,0,0,1,35,1,Minor,Tripping
59_penalty_457,457,59,1,25,25,2,5,0,1,12:21,2,2:00,0,0,1,31,1,Minor,Slashing
59_penalty_458,458,59,1,161,161,5,2,1,2,8:51,2,2:00,0,0,1,94,1,Minor,Illegal Body Checking
59_penalty_459,459,59,1,58,58,5,2,1,2,14:26,2,2:00,0,0,1,18,1,Minor,Hooking
59_penalty_460,460,59,1,161,161,5,2,1,3,1:12,2,2:00,0,0,0,22,1,Minor,Interference
59_penalty_461,461,59,1,4,4,5,2,1,3,2:48,2,2:00,0,0,0,18,1,Minor,Hooking
60_penalty_463,463,60,1,157,157,3,4,1,1,7:04,2,2:00,0,0,1,15,1,Minor,High Sticking
60_penalty_465,465,60,1,168,168,3,4,1,1,13:27,2,2:00,0,0,1,30,1,Minor,Roughing
60_penalty_467,467,60,1,84,84,3,4,1,1,18:05,2,2:00,0,0,1,18,1,Minor,Hooking
60_penalty_469,469,60,1,146,146,4,3,0,2,2:51,2,2:00,0,0,1,22,1,Minor,Interference
60_penalty_472,472,60,1,146,146,4,3,0,2,8:04,2,2:00,0,0,1,35,1,Minor,Tripping
60_penalty_473,473,60,1,157,157,3,4,1,2,10:07,2,2:00,0,0,1,30,1,Minor,Roughing
60_penalty_474,474,60,1,47,47,4,3,0,2,14:38,2,2:00,0,0,1,18,1,Minor,Hooking
60_penalty_475,475,60,1,99,99,3,4,1,3,4:27,2,2:00,0,0,1,8,1,Minor,Cross Checking
60_penalty_476,476,60,1,147,147,4,3,0,3,14:28,2,2:00,0,0,1,3,1,Minor,Boarding
61_penalty_487,487,61,1,149,149,4,6,1,1,11:33,2,2:00,0,0,1,35,1,Minor,Tripping
61_penalty_488,488,61,1,152,152,4,6,1,1,14:26,2,2:00,0,0,1,16,1,Minor,Holding
61_penalty_489,489,61,1,87,87,4,6,1,2,0:46,2,2:00,0,0,1,22,1,Minor,Interference
61_penalty_490,490,61,1,100,100,6,4,0,2,10:20,2,2:00,0,0,1,31,1,Minor,Slashing
61_penalty_491,491,61,1,74,74,6,4,0,2,14:33,2,2:00,0,0,1,30,1,Minor,Roughing
61_penalty_492,492,61,1,35,35,4,6,1,3,2:49,2,2:00,0,0,1,30,1,Minor,Roughing
61_penalty_493,493,61,1,72,72,6,4,0,3,12:14,2,2:00,0,0,1,18,1,Minor,Hooking
61_penalty_494,494,61,1,126,126,6,4,0,3,17:14,2,2:00,0,0,1,18,1,Minor,Hooking
62_penalty_477,477,62,1,136,136,5,3,1,1,5:35,2,2:00,0,0,1,35,1,Minor,Tripping
62_penalty_478,478,62,1,157,157,3,5,0,1,8:17,2,2:00,0,0,1,22,1,Minor,Interference
62_penalty_479,479,62,1,57,57,5,3,1,1,14:21,2,2:00,0,0,1,18,1,Minor,Hooking
62_penalty_480,480,62,1,56,56,5,3,1,1,17:41,2,2:00,0,0,1,35,1,Minor,Tripping
62_penalty_482,482,62,1,31,31,3,5,0,3,10:19,2,2:00,0,0,0,35,1,Minor,Tripping
63_penalty_499,499,63,1,116,116,2,6,0,1,8:48,2,2:00,0,0,1,15,1,Minor,High Sticking
63_penalty_500,500,63,1,67,67,6,2,1,1,18:42,2,2:00,0,0,1,8,1,Minor,Cross Checking
63_penalty_501,501,63,1,73,73,6,2,1,1,20:00,2,2:00,0,0,1,18,1,Minor,Hooking
63_penalty_502,502,63,1,89,89,6,2,1,2,2:47,2,2:00,0,0,1,3,1,Minor,Boarding
63_penalty_503,503,63,1,97,97,2,6,0,2,10:33,2,2:00,0,0,1,18,1,Minor,Hooking
63_penalty_504,504,63,1,91,91,2,6,0,2,19:02,2,2:00,0,0,1,18,1,Minor,Hooking
64_penalty_513,513,64,1,,18,1,3,1,1,6:18,2,2:00,1,0,1,34,1,Minor,Too Many Players
64_penalty_514,514,64,1,168,168,3,1,0,2,2:50,2,2:00,0,0,0,30,1,Minor,Roughing
64_penalty_516,516,64,1,2,2,1,3,1,2,2:50,2,2:00,0,0,0,30,1,Minor,Roughing
64_penalty_515,515,64,1,31,31,3,1,0,2,7:22,2,2:00,0,0,1,8,1,Minor,Cross Checking
64_penalty_517,517,64,1,175,175,1,3,1,3,3:23,2,2:00,0,0,1,30,1,Minor,Roughing
64_penalty_518,518,64,1,7,7,1,3,1,3,9:57,2,2:00,0,0,1,30,1,Minor,Roughing
65_penalty_391,391,65,1,7,7,1,5,1,1,13:51,2,2:00,0,0,1,31,1,Minor,Slashing
65_penalty_392,392,65,1,57,57,5,1,0,1,19:17,2,2:00,0,0,1,35,1,Minor,Tripping
65_penalty_393,393,65,1,50,50,5,1,0,2,17:31,2,2:00,0,0,1,22,1,Minor,Interference
65_penalty_394,394,65,1,7,7,1,5,1,2,19:35,2,2:00,0,0,1,15,1,Minor,High Sticking
65_penalty_395,395,65,1,63,63,5,1,0,4,4:49,2,2:00,0,0,1,9,1,Minor,Delay of Game
66_penalty_396,396,66,1,81,81,3,6,1,1,18:47,2,2:00,0,0,1,15,1,Minor,High Sticking
66_penalty_397,397,66,1,126,126,6,3,0,2,3:57,2,2:00,0,0,1,35,1,Minor,Tripping
66_penalty_398,398,66,1,76,76,6,3,0,3,17:40,2,2:00,0,0,1,3,1,Minor,Boarding
67_penalty_445,445,67,1,89,89,6,3,0,1,10:21,2,2:00,0,0,1,31,1,Minor,Slashing
67_penalty_446,446,67,1,100,100,6,3,0,1,11:48,2,2:00,0,0,1,94,1,Minor,Illegal Body Checking
67_penalty_447,447,67,1,84,84,3,6,1,1,15:23,2,2:00,0,0,1,17,1,Minor,Holding Opp. Stick
67_penalty_448,448,67,1,69,69,6,3,0,2,1:34,2,2:00,0,0,1,35,1,Minor,Tripping
67_penalty_449,449,67,1,31,31,3,6,1,2,7:25,2,2:00,0,0,1,35,1,Minor,Tripping
67_penalty_450,450,67,1,66,66,6,3,0,2,18:28,2,2:00,0,0,1,18,1,Minor,Hooking
67_penalty_451,451,67,1,32,32,3,6,1,3,0:23,2,2:00,0,0,1,35,1,Minor,Tripping
67_penalty_452,452,67,1,131,131,6,3,0,3,3:18,2,2:00,0,0,1,8,1,Minor,Cross Checking
67_penalty_453,453,67,1,81,81,3,6,1,3,13:50,2,2:00,0,0,1,35,1,Minor,Tripping
67_penalty_454,454,67,1,71,71,6,3,0,3,17:05,2,2:00,0,0,1,35,1,Minor,Tripping
68_penalty_455,455,68,1,87,87,4,1,1,3,5:41,2,2:00,0,0,1,18,1,Minor,Hooking
69_penalty_462,462,69,1,,63,5,1,1,1,2:02,2,2:00,1,0,1,34,1,Minor,Too Many Players
69_penalty_464,464,69,1,7,7,1,5,0,1,7:21,2,2:00,0,0,1,16,1,Minor,Holding
69_penalty_466,466,69,1,142,142,5,1,1,1,16:23,2,2:00,0,0,1,15,1,Minor,High Sticking
69_penalty_468,468,69,1,18,18,1,5,0,2,2:21,2,2:00,0,0,1,35,1,Minor,Tripping
69_penalty_470,470,69,1,60,60,5,1,1,2,5:28,2,2:00,0,0,1,35,1,Minor,Tripping
69_penalty_471,471,69,1,7,7,1,5,0,2,7:27,2,2:00,0,0,1,18,1,Minor,Hooking
70_penalty_481,481,70,1,7,7,1,2,0,1,4:18,2,2:00,0,0,1,94,1,Minor,Illegal Body Checking
70_penalty_483,483,70,1,7,7,1,2,0,2,1:42,2,2:00,0,0,1,18,1,Minor,Hooking
70_penalty_484,484,70,1,104,104,2,1,1,3,0:55,2,2:00,0,0,1,35,1,Minor,Tripping
70_penalty_485,485,70,1,118,118,2,1,1,3,8:28,2,2:00,0,0,1,30,1,Minor,Roughing
70_penalty_486,486,70,1,18,18,1,2,0,3,16:19,2,2:00,0,0,1,15,1,Minor,High Sticking
71_penalty_495,495,71,1,44,44,4,5,1,1,9:11,2,2:00,0,0,1,35,1,Minor,Tripping
71_penalty_497,497,71,1,88,88,5,4,0,3,13:07,2,2:00,0,0,0,8,1,Minor,Cross Checking
71_penalty_496,496,71,1,38,38,4,5,1,3,13:07,2,2:00,0,0,0,31,1,Minor,Slashing
71_penalty_498,498,71,1,56,56,5,4,0,3,19:14,2,2:00,0,0,1,3,1,Minor,Boarding
72_penalty_520,520,72,1,65,65,6,5,1,1,12:36,10,10:00,0,0,0,73,5,Misconduct,Game Misconduct
72_penalty_519,519,72,1,65,126,6,5,1,1,12:36,5,5:00,0,0,1,51,3,Major,Major-Check/behind
72_penalty_521,521,72,1,161,161,5,6,0,2,12:16,2,2:00,0,0,1,22,1,Minor,Interference
72_penalty_522,522,72,1,133,133,6,5,1,3,1:39,2,2:00,0,0,1,9,1,Minor,Delay of Game
72_penalty_523,523,72,1,4,4,5,6,0,3,4:05,2,2:00,0,0,1,18,1,Minor,Hooking
72_penalty_524,524,72,1,142,142,5,6,0,3,13:13,2,2:00,0,0,1,35,1,Minor,Tripping
73_penalty_505,505,73,1,97,97,2,4,0,2,3:00,2,2:00,0,0,1,18,1,Minor,Hooking
73_penalty_506,506,73,1,36,36,4,2,1,2,3:59,2,2:00,0,0,1,35,1,Minor,Tripping
73_penalty_507,507,73,1,21,21,2,4,0,2,7:30,2,2:00,0,0,1,18,1,Minor,Hooking
73_penalty_508,508,73,1,105,105,2,4,0,3,1:26,2,2:00,0,0,1,18,1,Minor,Hooking
73_penalty_509,509,73,1,149,149,4,2,1,3,5:42,2,2:00,0,0,1,35,1,Minor,Tripping
73_penalty_510,510,73,1,38,38,4,2,1,3,6:39,2,2:00,0,0,1,94,1,Minor,Illegal Body Checking
73_penalty_511,511,73,1,,105,2,4,0,3,8:39,2,2:00,1,0,1,34,1,Minor,Too Many Players
73_penalty_512,512,73,1,40,40,4,2,1,3,14:27,2,2:00,0,0,1,22,1,Minor,Interference
74_penalty_1,1,74,2,106,106,1,6,1,1,5:58,2,2:00,0,0,1,18,1,Minor,Hooking
74_penalty_2,2,74,2,132,132,6,1,0,2,4:16,2,2:00,0,0,1,35,1,Minor,Tripping
74_penalty_3,3,74,2,106,106,1,6,1,2,8:38,2,2:00,0,0,1,31,1,Minor,Slashing
74_penalty_4,4,74,2,4,4,1,6,1,2,9:08,2,2:00,0,0,1,3,1,Minor,Boarding
74_penalty_5,5,74,2,73,73,6,1,0,2,11:39,2,2:00,0,0,1,35,1,Minor,Tripping
74_penalty_6,6,74,2,73,73,6,1,0,2,16:02,2,2:00,0,0,1,35,1,Minor,Tripping
74_penalty_7,7,74,2,68,68,6,1,0,3,1:06,2,2:00,0,0,1,31,1,Minor,Slashing
74_penalty_8,8,74,2,75,75,6,1,0,3,2:44,2,2:00,0,0,1,9,1,Minor,Delay of Game
74_penalty_9,9,74,2,14,14,1,6,1,3,11:02,2,2:00,0,0,1,18,1,Minor,Hooking
74_penalty_10,10,74,2,,107,1,6,1,3,17:58,2,2:00,1,0,1,34,1,Minor,Too Many Players
75_penalty_11,11,75,2,138,138,5,2,0,1,0:41,2,2:00,0,0,1,18,1,Minor,Hooking
75_penalty_12,12,75,2,55,55,5,2,0,1,4:22,2,2:00,0,0,1,35,1,Minor,Tripping
75_penalty_13,13,75,2,138,138,5,2,0,1,9:55,2,2:00,0,0,1,35,1,Minor,Tripping
75_penalty_14,14,75,2,23,23,2,5,1,1,16:14,2,2:00,0,0,0,3,1,Minor,Boarding
75_penalty_15,15,75,2,60,60,5,2,0,2,14:44,2,2:00,0,0,0,31,1,Minor,Slashing
75_penalty_16,16,75,2,24,24,2,5,1,3,18:58,2,2:00,0,0,0,22,1,Minor,Interference
76_penalty_17,17,76,2,30,30,3,4,0,1,1:34,2,2:00,0,0,1,83,1,Minor,Ob-Tripping
76_penalty_18,18,76,2,99,99,3,4,0,1,6:40,2,2:00,0,0,1,31,1,Minor,Slashing
76_penalty_19,19,76,2,82,82,3,4,0,2,0:51,2,2:00,0,0,1,15,1,Minor,High Sticking
76_penalty_20,20,76,2,161,161,3,4,0,3,16:44,2,2:00,0,0,0,3,1,Minor,Boarding
77_penalty_21,21,77,2,104,104,2,6,0,1,8:29,2,2:00,0,0,1,94,1,Minor,Illegal Body Checking
77_penalty_22,22,77,2,69,69,6,2,1,1,16:44,2,2:00,0,0,1,31,1,Minor,Slashing
77_penalty_23,23,77,2,114,114,2,6,0,2,3:24,2,2:00,0,0,1,34,1,Minor,Too Many Players
77_penalty_24,24,77,2,71,71,6,2,1,2,5:07,2,2:00,0,0,1,22,1,Minor,Interference
77_penalty_25,25,77,2,76,76,6,2,1,2,17:11,2,2:00,0,0,1,22,1,Minor,Interference
77_penalty_26,26,77,2,71,71,6,2,1,2,17:11,2,2:00,0,0,1,31,1,Minor,Slashing
77_penalty_27,27,77,2,130,130,6,2,1,3,2:02,2,2:00,0,0,1,3,1,Minor,Boarding
77_penalty_28,28,77,2,24,24,2,6,0,3,6:32,2,2:00,0,0,1,35,1,Minor,Tripping
77_penalty_29,29,77,2,75,75,6,2,1,3,11:17,2,2:00,0,0,1,35,1,Minor,Tripping
77_penalty_30,30,77,2,114,114,2,6,0,4,3:14,2,2:00,0,0,1,18,1,Minor,Hooking
78_penalty_31,31,78,2,3,3,1,3,0,1,4:45,2,2:00,0,0,1,18,1,Minor,Hooking
78_penalty_32,32,78,2,13,13,1,3,0,2,5:16,2,2:00,0,0,1,35,1,Minor,Tripping
78_penalty_34,34,78,2,108,108,1,3,0,2,11:49,2,2:00,0,0,1,30,1,Minor,Roughing
78_penalty_33,33,78,2,82,82,3,1,1,2,11:49,2,2:00,0,0,1,18,1,Minor,Hooking
78_penalty_35,35,78,2,158,158,3,1,1,2,19:45,2,2:00,0,0,1,3,1,Minor,Boarding
78_penalty_36,36,78,2,9,9,1,3,0,3,9:48,2,2:00,0,0,1,18,1,Minor,Hooking
78_penalty_37,37,78,2,3,3,1,3,0,3,13:02,2,2:00,0,0,1,31,1,Minor,Slashing
78_penalty_38,38,78,2,17,17,1,3,0,3,14:40,2,2:00,0,0,1,30,1,Minor,Roughing
78_penalty_39,39,78,2,5,5,1,3,0,4,0:34,2,2:00,0,0,1,31,1,Minor,Slashing
79_penalty_40,40,79,2,88,88,5,4,1,1,5:50,2,2:00,0,0,1,18,1,Minor,Hooking
79_penalty_42,42,79,2,147,147,4,5,0,1,14:31,2,2:00,0,0,1,24,1,Minor,Kneeing
79_penalty_41,41,79,2,149,149,4,5,0,1,18:15,2,2:00,0,0,1,35,1,Minor,Tripping
79_penalty_43,43,79,2,137,137,5,4,1,2,2:51,2,2:00,0,0,1,35,1,Minor,Tripping
79_penalty_44,44,79,2,149,149,4,5,0,2,4:59,2,2:00,0,0,1,35,1,Minor,Tripping
79_penalty_45,45,79,2,63,63,5,4,1,2,8:49,2,2:00,0,0,1,94,1,Minor,Illegal Body Checking
79_penalty_46,46,79,2,140,140,5,4,1,3,15:10,2,2:00,0,0,1,31,1,Minor,Slashing
79_penalty_47,47,79,2,150,150,4,5,0,3,17:57,2,2:00,0,0,1,35,1,Minor,Tripping
80_penalty_50,50,80,2,24,24,2,3,1,1,2:31,2,2:00,0,0,1,22,1,Minor,Interference
80_penalty_49,49,80,2,80,80,3,2,0,1,3:15,2,2:00,0,0,0,18,1,Minor,Hooking
80_penalty_48,48,80,2,30,30,3,2,0,1,11:48,2,2:00,0,0,0,9,1,Minor,Delay of Game
80_penalty_51,51,80,2,164,164,3,2,0,2,8:28,2,2:00,0,0,0,22,1,Minor,Interference
80_penalty_52,52,80,2,79,79,2,3,1,2,12:12,2,2:00,0,0,0,35,1,Minor,Tripping
80_penalty_53,53,80,2,23,23,2,3,1,2,13:47,2,2:00,0,0,0,35,1,Minor,Tripping
80_penalty_54,54,80,2,116,116,2,3,1,3,6:43,2,2:00,0,0,0,18,1,Minor,Hooking
81_penalty_55,55,81,2,153,153,4,6,0,1,1:43,2,2:00,0,0,1,31,1,Minor,Slashing
81_penalty_56,56,81,2,66,66,6,4,1,2,2:58,2,2:00,0,0,1,9,1,Minor,Delay of Game
81_penalty_57,57,81,2,149,149,4,6,0,2,10:30,2,2:00,0,0,1,35,1,Minor,Tripping
81_penalty_58,58,81,2,45,45,4,6,0,2,17:28,2,2:00,0,0,1,18,1,Minor,Hooking
81_penalty_59,59,81,2,71,71,6,4,1,2,17:41,2,2:00,0,0,1,35,1,Minor,Tripping
81_penalty_60,60,81,2,71,71,6,4,1,3,0:09,2,2:00,0,0,1,16,1,Minor,Holding
81_penalty_61,61,81,2,131,131,6,4,1,3,5:58,2,2:00,0,0,1,35,1,Minor,Tripping
81_penalty_62,62,81,2,35,35,4,6,0,3,6:31,2,2:00,0,0,1,18,1,Minor,Hooking
82_penalty_63,63,82,2,140,140,5,1,0,1,12:49,2,2:00,0,0,1,24,1,Minor,Kneeing
82_penalty_64,64,82,2,2,2,1,5,1,1,14:40,2,2:00,0,0,1,35,1,Minor,Tripping
82_penalty_65,65,82,2,145,137,5,1,0,1,19:45,2,2:00,0,0,1,22,1,Minor,Interference
82_penalty_66,66,82,2,16,16,1,5,1,2,4:07,2,2:00,0,0,1,18,1,Minor,Hooking
82_penalty_67,67,82,2,136,136,5,1,0,2,4:07,2,2:00,0,0,1,16,1,Minor,Holding
82_penalty_68,68,82,2,13,13,1,5,1,2,7:54,2,2:00,0,0,1,35,1,Minor,Tripping
82_penalty_69,69,82,2,8,8,1,5,1,2,9:24,2,2:00,0,0,1,34,1,Minor,Too Many Players
82_penalty_70,70,82,2,61,61,5,1,0,2,14:38,2,2:00,0,0,1,16,1,Minor,Holding
82_penalty_71,71,82,2,61,61,5,1,0,3,7:58,2,2:00,0,0,1,22,1,Minor,Interference
82_penalty_72,72,82,2,18,18,1,5,1,4,2:20,2,2:00,0,0,1,35,1,Minor,Tripping
83_penalty_267,267,83,1,142,142,5,1,0,2,8:20,2,2:00,0,0,1,3,1,Minor,Boarding
83_penalty_268,268,83,1,2,2,1,5,1,2,11:56,2,2:00,0,0,1,16,1,Minor,Holding
83_penalty_269,269,83,1,12,12,1,5,1,2,13:23,2,2:00,0,0,1,3,1,Minor,Boarding
83_penalty_270,270,83,1,88,88,5,1,0,2,18:37,2,2:00,0,0,1,3,1,Minor,Boarding
84_penalty_525,525,84,3,104,104,2,6,0,2,4:13,2,2:00,0,0,1,22,1,Minor,Interference
84_penalty_526,526,84,3,131,131,6,2,1,2,6:53,2,2:00,0,0,1,18,1,Minor,Hooking
84_penalty_527,527,84,3,114,114,2,6,0,3,7:47,2,2:00,0,0,1,35,1,Minor,Tripping
85_penalty_528,528,85,3,12,12,1,3,0,1,5:06,2,2:00,0,0,1,22,1,Minor,Interference
85_penalty_529,529,85,3,1,1,1,3,0,1,19:16,2,2:00,0,0,1,18,1,Minor,Hooking
85_penalty_530,530,85,3,157,157,3,1,1,2,4:24,2,2:00,0,0,1,30,1,Minor,Roughing
85_penalty_531,531,85,3,13,13,1,3,0,2,9:49,2,2:00,0,0,1,22,1,Minor,Interference
85_penalty_532,532,85,3,98,98,3,1,1,3,3:50,2,2:00,0,0,1,31,1,Minor,Slashing
85_penalty_533,533,85,3,175,175,1,3,0,3,4:17,2,2:00,0,0,1,23,1,Minor,Inter. on Goaltender
85_penalty_534,534,85,3,12,12,1,3,0,4,11:00,2,2:00,0,0,1,31,1,Minor,Slashing
86_penalty_535,535,86,3,74,74,6,2,1,1,9:54,2,2:00,0,0,1,35,1,Minor,Tripping
86_penalty_536,536,86,3,11,11,2,6,0,1,11:20,2,2:00,0,0,1,35,1,Minor,Tripping
86_penalty_537,537,86,3,101,101,6,2,1,1,14:10,2,2:00,0,0,1,31,1,Minor,Slashing
86_penalty_538,538,86,3,24,24,2,6,0,1,17:33,2,2:00,0,0,1,3,1,Minor,Boarding
86_penalty_539,539,86,3,129,129,2,6,0,2,16:34,2,2:00,0,0,1,35,1,Minor,Tripping
86_penalty_540,540,86,3,71,71,6,2,1,3,9:37,2,2:00,0,0,1,30,1,Minor,Roughing
86_penalty_541,541,86,3,74,74,6,2,1,3,13:08,2,2:00,0,0,1,35,1,Minor,Tripping
87_penalty_542,542,87,3,51,51,3,1,1,1,13:57,2,2:00,0,0,1,22,1,Minor,Interference
87_penalty_543,543,87,3,12,12,1,3,0,2,0:37,2,2:00,0,0,1,30,1,Minor,Roughing
87_penalty_544,544,87,3,49,49,1,3,0,2,20:00,2,2:00,0,0,1,35,1,Minor,Tripping
87_penalty_545,545,87,3,49,175,1,3,0,4,6:20,5,5:00,0,0,1,69,4,Match,Match-Attempt/Injure
87_penalty_546,546,87,3,12,12,1,3,0,4,16:24,2,2:00,0,0,1,9,1,Minor,Delay of Game
87_penalty_547,547,87,3,168,168,3,1,1,4,20:00,2,2:00,0,0,1,30,1,Minor,Roughing
88_penalty_548,548,88,3,75,75,6,2,0,1,11:28,2,2:00,0,0,1,35,1,Minor,Tripping
88_penalty_549,549,88,3,68,68,6,2,0,1,14:34,2,2:00,0,0,1,35,1,Minor,Tripping
88_penalty_550,550,88,3,67,67,6,2,0,2,11:03,2,2:00,0,0,1,18,1,Minor,Hooking
88_penalty_551,551,88,3,115,115,2,6,1,3,4:04,2,2:00,0,0,1,31,1,Minor,Slashing
88_penalty_552,552,88,3,67,67,6,2,0,3,9:55,2,2:00,0,0,1,18,1,Minor,Hooking
88_penalty_553,553,88,3,103,103,2,6,1,3,15:04,2,2:00,0,0,1,35,1,Minor,Tripping
89_penalty_554,554,89,3,7,7,1,3,1,2,4:00,2,2:00,0,1,1,18,1,Minor,Hooking
89_penalty_555,555,89,3,30,30,3,1,0,2,8:25,2,2:00,0,1,1,16,1,Minor,Holding
89_penalty_556,556,89,3,10,10,1,3,1,2,12:19,2,2:00,0,1,1,18,1,Minor,Hooking
89_penalty_557,557,89,3,99,99,3,1,0,3,3:34,2,2:00,0,1,1,18,1,Minor,Hooking
89_penalty_558,558,89,3,15,15,1,3,1,3,15:38,2,2:00,0,1,1,3,1,Minor,Boarding
90_penalty_559,559,90,3,74,74,6,2,0,2,3:22,2,2:00,0,0,1,35,1,Minor,Tripping
90_penalty_560,560,90,3,104,104,2,6,1,2,4:18,2,2:00,0,0,1,35,1,Minor,Tripping
90_penalty_561,561,90,3,73,73,6,2,0,2,7:50,2,2:00,0,0,1,22,1,Minor,Interference
90_penalty_562,562,90,3,97,97,2,6,1,2,13:37,2,2:00,0,0,1,35,1,Minor,Tripping
90_penalty_563,563,90,3,65,65,6,2,0,3,6:57,2,2:00,0,0,1,22,1,Minor,Interference
92_penalty_564,564,92,3,104,104,2,6,0,1,5:14,2,2:00,0,0,1,35,1,Minor,Tripping
92_penalty_565,565,92,3,75,75,6,2,1,2,6:42,2,2:00,0,0,1,35,1,Minor,Tripping
92_penalty_566,566,92,3,71,71,6,2,1,2,11:41,2,2:00,0,0,1,35,1,Minor,Tripping
92_penalty_567,567,92,3,71,71,6,2,1,3,6:58,2,2:00,0,0,1,18,1,Minor,Hooking
94_penalty_568,568,94,3,12,12,1,2,1,1,0:10,2,2:00,0,0,1,22,1,Minor,Interference
94_penalty_569,569,94,3,,1,1,2,1,3,2:28,2,2:00,1,0,1,9,1,Minor,Delay of Game
94_penalty_570,570,94,3,7,7,1,2,1,3,11:22,2,2:00,0,0,1,35,1,Minor,Tripping
95_penalty_571,571,95,3,78,78,1,2,1,1,16:55,2,2:00,0,0,1,35,1,Minor,Tripping
95_penalty_572,572,95,3,90,90,2,1,0,2,14:20,2,2:00,0,0,1,22,1,Minor,Interference
95_penalty_573,573,95,3,118,118,2,1,0,2,18:23,2,2:00,0,0,1,18,1,Minor,Hooking
95_penalty_574,574,95,3,105,105,2,1,0,3,6:32,2,2:00,0,0,1,35,1,Minor,Tripping
95_penalty_575,575,95,3,5,5,1,2,1,3,9:53,2,2:00,0,0,1,5,1,Minor,Charging
95_penalty_576,576,95,3,116,116,2,1,0,3,15:04,2,2:00,0,0,1,35,1,Minor,Tripping
96_penalty_577,577,96,3,118,118,2,1,1,1,7:41,2,2:00,0,0,1,22,1,Minor,Interference
96_penalty_578,578,96,3,7,7,1,2,0,3,7:17,2,2:00,0,0,1,94,1,Minor,Illegal Body Checking
96_penalty_579,579,96,3,102,102,2,1,1,3,15:37,2,2:00,0,0,1,35,1,Minor,Tripping
97_penalty_580,580,97,3,21,21,2,1,1,1,11:26,2,2:00,0,0,0,30,1,Minor,Roughing
97_penalty_581,581,97,3,175,175,1,2,0,1,11:26,2,2:00,0,0,0,30,1,Minor,Roughing
97_penalty_582,582,97,3,16,16,1,2,0,2,4:50,2,2:00,0,0,1,35,1,Minor,Tripping
97_penalty_583,583,97,3,7,7,1,2,0,2,8:59,2,2:00,0,0,1,94,1,Minor,Illegal Body Checking
97_penalty_584,584,97,3,115,115,2,1,1,2,18:27,2,2:00,0,0,1,35,1,Minor,Tripping
97_penalty_585,585,97,3,16,16,1,2,0,3,8:49,2,2:00,0,0,1,35,1,Minor,Tripping
97_penalty_586,586,97,3,1,1,1,2,0,3,13:11,2,2:00,0,0,1,22,1,Minor,Interference
97_penalty_587,587,97,3,116,116,2,1,1,4,15:48,2,2:00,0,0,1,35,1,Minor,Tripping
97_penalty_588,588,97,3,118,118,2,1,1,5,12:31,2,2:00,0,0,1,35,1,Minor,Tripping
98_penalty_589,589,98,3,111,111,1,2,1,1,12:40,2,2:00,0,0,0,30,1,Minor,Roughing
98_penalty_590,590,98,3,79,79,2,1,0,1,12:40,2,2:00,0,0,0,30,1,Minor,Roughing
98_penalty_591,591,98,3,7,7,1,2,1,3,8:42,2,2:00,0,0,1,35,1,Minor,Tripping
99_penalty_593,593,99,4,39,39,3,1,0,1,10:10,2,2:00,0,0,1,35,1,Minor,Tripping
99_penalty_595,595,99,4,199,199,3,1,0,1,15:09,2,2:00,0,0,1,35,1,Minor,Tripping
99_penalty_596,596,99,4,2,2,1,3,1,2,3:34,2,2:00,0,0,1,22,1,Minor,Interference
99_penalty_598,598,99,4,202,202,3,1,0,2,11:05,2,2:00,0,0,1,31,1,Minor,Slashing
99_penalty_599,599,99,4,1,1,1,3,1,2,15:27,2,2:00,0,0,1,35,1,Minor,Tripping
99_penalty_601,601,99,4,32,32,3,1,0,3,4:08,2,2:00,0,0,1,30,1,Minor,Roughing
99_penalty_602,602,99,4,12,12,1,3,1,3,13:16,2,2:00,0,0,1,9,1,Minor,Delay of Game
100_penalty_592,592,100,4,128,128,6,2,0,1,1:33,2,2:00,0,0,1,35,1,Minor,Tripping
100_penalty_594,594,100,4,188,188,2,6,1,1,10:58,2,2:00,0,0,1,16,1,Minor,Holding
100_penalty_597,597,100,4,67,67,6,2,0,2,9:47,2,2:00,0,0,1,15,1,Minor,High Sticking
100_penalty_600,600,100,4,63,63,6,2,0,3,3:02,2,2:00,0,0,1,22,1,Minor,Interference
101_penalty_603,603,101,4,72,72,5,1,1,1,4:48,2,2:00,0,0,1,22,1,Minor,Interference
101_penalty_604,604,101,4,142,142,5,1,1,1,9:41,2,2:00,0,0,1,18,1,Minor,Hooking
101_penalty_605,605,101,4,215,215,5,1,1,1,16:22,2,2:00,0,0,1,8,1,Minor,Cross Checking
101_penalty_606,606,101,4,224,224,5,1,1,1,18:43,2,2:00,0,0,1,30,1,Minor,Roughing
101_penalty_610,610,101,4,110,110,1,5,0,2,8:31,2,2:00,0,0,1,35,1,Minor,Tripping
101_penalty_611,611,101,4,53,53,5,1,1,2,18:09,2,2:00,0,0,1,35,1,Minor,Tripping
101_penalty_613,613,101,4,215,215,5,1,1,3,9:53,2,2:00,0,0,1,18,1,Minor,Hooking
101_penalty_614,614,101,4,224,224,5,1,1,3,16:52,2,2:00,0,0,0,30,1,Minor,Roughing
101_penalty_615,615,101,4,9,9,1,5,0,3,16:52,2,2:00,0,0,0,30,1,Minor,Roughing
102_penalty_608,608,102,4,38,38,4,2,1,1,9:42,2,2:00,0,0,1,22,1,Minor,Interference
102_penalty_609,609,102,4,38,38,4,2,1,1,15:36,2,2:00,0,0,1,35,1,Minor,Tripping
102_penalty_612,612,102,4,148,148,4,2,1,2,12:14,2,2:00,0,0,1,3,1,Minor,Boarding
102_penalty_616,616,102,4,79,79,2,4,0,3,9:37,2,2:00,0,0,1,94,1,Minor,Illegal Body Checking
102_penalty_617,617,102,4,97,97,2,4,0,3,14:35,2,2:00,0,0,1,31,1,Minor,Slashing
102_penalty_618,618,102,4,44,44,4,2,1,4,1:32,2,2:00,0,0,1,35,1,Minor,Tripping
103_penalty_619,619,103,4,30,30,3,5,1,1,12:40,2,2:00,0,0,1,22,1,Minor,Interference
103_penalty_622,622,103,4,217,217,5,3,0,2,9:08,2,2:00,0,0,1,3,1,Minor,Boarding
103_penalty_624,624,103,4,226,226,5,3,0,3,6:36,2,2:00,0,0,1,35,1,Minor,Tripping
104_penalty_620,620,104,4,150,150,4,6,0,1,7:42,2,2:00,0,0,1,94,1,Minor,Illegal Body Checking
104_penalty_621,621,104,4,205,205,4,6,0,1,12:47,2,2:00,0,0,1,35,1,Minor,Tripping
104_penalty_623,623,104,4,125,125,6,4,1,2,1:15,2,2:00,0,0,1,9,1,Minor,Delay of Game
104_penalty_625,625,104,4,212,212,6,4,1,2,5:02,2,2:00,0,0,1,35,1,Minor,Tripping
104_penalty_626,626,104,4,206,206,4,6,0,2,15:09,2,2:00,0,0,1,30,1,Minor,Roughing
104_penalty_628,628,104,4,209,209,6,4,1,2,17:13,2,2:00,0,0,1,35,1,Minor,Tripping
104_penalty_627,627,104,4,232,232,6,4,1,2,19:25,2,2:00,0,0,1,31,1,Minor,Slashing
104_penalty_629,629,104,4,76,76,6,4,1,3,1:14,2,2:00,0,0,1,8,1,Minor,Cross Checking
104_penalty_630,630,104,4,42,42,4,6,0,3,2:49,2,2:00,0,0,1,30,1,Minor,Roughing
104_penalty_631,631,104,4,227,227,4,6,0,3,15:23,2,2:00,0,0,1,8,1,Minor,Cross Checking
105_penalty_632,632,105,5,66,66,6,1,1,1,2:35,2,2:00,0,0,1,35,1,Minor,Tripping
105_penalty_633,633,105,5,209,209,6,1,1,1,11:39,2,2:00,0,0,1,35,1,Minor,Tripping
105_penalty_634,634,105,5,5,5,1,6,0,2,4:59,2,2:00,0,0,1,35,1,Minor,Tripping
105_penalty_637,637,105,5,9,18,1,6,0,2,10:21,2,2:00,0,0,1,3,1,Minor,Boarding
105_penalty_635,635,105,5,74,74,6,1,1,2,10:21,2,2:00,0,0,0,30,1,Minor,Roughing
105_penalty_636,636,105,5,9,9,1,6,0,2,10:21,2,2:00,0,0,0,30,1,Minor,Roughing
105_penalty_638,638,105,5,12,12,1,6,0,2,11:23,2,2:00,0,0,1,22,1,Minor,Interference
105_penalty_639,639,105,5,13,13,1,6,0,3,17:56,2,2:00,0,0,1,3,1,Minor,Boarding
106_penalty_640,640,106,5,61,61,5,3,0,1,14:15,2,2:00,0,0,1,35,1,Minor,Tripping
106_penalty_641,641,106,5,224,224,5,3,0,1,18:02,2,2:00,0,0,1,22,1,Minor,Interference
106_penalty_642,642,106,5,31,31,3,5,1,1,19:51,2,2:00,0,0,1,94,1,Minor,Illegal Body Checking
106_penalty_643,643,106,5,88,88,5,3,0,2,10:44,2,2:00,0,0,1,3,1,Minor,Boarding
106_penalty_644,644,106,5,72,72,5,3,0,2,13:24,2,2:00,0,0,1,16,1,Minor,Holding
106_penalty_645,645,106,5,39,39,3,5,1,2,16:19,2,2:00,0,0,1,31,1,Minor,Slashing
106_penalty_646,646,106,5,4,4,5,3,0,3,4:43,2,2:00,0,0,1,35,1,Minor,Tripping
106_penalty_647,647,106,5,161,161,5,3,0,3,10:16,2,2:00,0,0,1,3,1,Minor,Boarding
106_penalty_648,648,106,5,114,114,3,5,1,3,13:15,2,2:00,0,0,1,16,1,Minor,Holding
106_penalty_649,649,106,5,61,61,5,3,0,3,13:53,2,2:00,0,0,1,16,1,Minor,Holding
107_penalty_650,650,107,5,38,38,4,2,0,1,9:08,2,2:00,0,0,1,18,1,Minor,Hooking
107_penalty_651,651,107,5,79,79,2,4,1,2,9:15,2,2:00,0,0,1,8,1,Minor,Cross Checking
107_penalty_652,652,107,5,204,204,4,2,0,3,8:31,2,2:00,0,0,1,98,1,Minor,Check to the Head (Accidental)
108_penalty_653,653,108,5,223,223,5,6,1,1,12:27,2,2:00,0,0,1,35,1,Minor,Tripping
108_penalty_654,654,108,5,224,224,5,6,1,1,18:59,2,2:00,0,0,1,22,1,Minor,Interference
108_penalty_655,655,108,5,125,125,6,5,0,2,9:12,2,2:00,0,0,1,35,1,Minor,Tripping
108_penalty_656,656,108,5,65,65,6,5,0,3,4:46,2,2:00,0,0,1,16,1,Minor,Holding
108_penalty_657,657,108,5,223,223,5,6,1,3,19:55,2,2:00,0,0,1,3,1,Minor,Boarding
109_penalty_659,659,109,5,185,185,1,2,1,1,1:20,2,2:00,0,0,1,35,1,Minor,Tripping
109_penalty_661,661,109,5,5,5,1,2,1,1,11:57,2,2:00,0,0,1,22,1,Minor,Interference
109_penalty_662,662,109,5,2,2,1,2,1,1,19:55,2,2:00,0,0,1,9,1,Minor,Delay of Game
109_penalty_664,664,109,5,79,79,2,1,0,2,17:59,2,2:00,0,0,1,98,1,Minor,Check to the Head (Accidental)
110_penalty_658,658,110,5,30,30,3,4,1,1,3:57,2,2:00,0,0,1,35,1,Minor,Tripping
110_penalty_660,660,110,5,26,26,3,4,1,1,8:36,2,2:00,0,0,1,18,1,Minor,Hooking
110_penalty_663,663,110,5,205,205,4,3,0,2,7:27,2,2:00,0,0,1,8,1,Minor,Cross Checking
110_penalty_665,665,110,5,37,37,4,3,0,3,4:48,2,2:00,0,0,1,9,1,Minor,Delay of Game
110_penalty_666,666,110,5,200,200,3,4,1,3,10:18,2,2:00,0,0,1,35,1,Minor,Tripping
110_penalty_667,667,110,5,87,87,4,3,0,3,17:00,2,2:00,0,0,1,35,1,Minor,Tripping
110_penalty_668,668,110,5,83,83,3,4,1,3,19:32,2,2:00,0,0,1,24,1,Minor,Kneeing
111_penalty_675,675,111,5,188,188,2,6,0,2,0:57,2,2:00,0,0,1,35,1,Minor,Tripping
111_penalty_676,676,111,5,209,209,6,2,1,2,3:47,2,2:00,0,0,1,35,1,Minor,Tripping
111_penalty_677,677,111,5,232,232,6,2,1,2,7:14,2,2:00,0,0,1,31,1,Minor,Slashing
112_penalty_678,678,112,5,9,9,1,4,1,1,9:45,2,2:00,0,0,1,18,1,Minor,Hooking
112_penalty_685,685,112,5,231,231,4,1,0,1,17:34,2,2:00,0,0,1,35,1,Minor,Tripping
112_penalty_684,684,112,5,38,38,4,1,0,1,18:19,2,2:00,0,0,1,94,1,Minor,Illegal Body Checking
112_penalty_681,681,112,5,78,78,1,4,1,2,2:45,2,2:00,0,0,1,30,1,Minor,Roughing
112_penalty_682,682,112,5,110,110,1,4,1,2,4:06,2,2:00,0,0,1,22,1,Minor,Interference
112_penalty_683,683,112,5,37,37,4,1,0,2,18:50,2,2:00,0,0,1,31,1,Minor,Slashing
112_penalty_686,686,112,5,180,180,1,4,1,3,5:40,2,2:00,0,0,1,22,1,Minor,Interference
112_penalty_687,687,112,5,110,110,1,4,1,3,8:40,2,2:00,0,0,1,18,1,Minor,Hooking
112_penalty_688,688,112,5,12,12,1,4,1,3,13:25,2,2:00,0,0,1,35,1,Minor,Tripping
113_penalty_689,689,113,5,16,16,1,5,1,2,12:31,2,2:00,0,0,1,30,1,Minor,Roughing
113_penalty_690,690,113,5,,181,1,5,1,2,18:53,2,2:00,1,0,1,34,1,Minor,Too Many Players
113_penalty_691,691,113,5,180,180,1,5,1,3,12:43,2,2:00,0,0,1,3,1,Minor,Boarding
114_penalty_692,692,114,5,86,86,6,4,0,2,8:02,2,2:00,0,0,1,31,1,Minor,Slashing
114_penalty_693,693,114,5,73,73,6,4,0,2,16:52,2,2:00,0,0,1,22,1,Minor,Interference
114_penalty_694,694,114,5,76,76,6,4,0,2,17:24,2,2:00,0,0,1,35,1,Minor,Tripping
114_penalty_695,695,114,5,40,40,4,6,1,3,3:27,2,2:00,0,0,0,16,1,Minor,Holding
114_penalty_696,696,114,5,67,67,6,4,0,3,3:27,2,2:00,0,0,0,30,1,Minor,Roughing
114_penalty_706,706,114,5,75,75,6,4,0,3,4:11,2,2:00,0,0,1,83,1,Minor,Ob-Tripping
114_penalty_698,698,114,5,47,47,4,6,1,3,11:04,2,2:00,0,0,0,30,1,Minor,Roughing
114_penalty_699,699,114,5,207,207,6,4,0,3,11:04,2,2:00,0,0,0,30,1,Minor,Roughing
114_penalty_700,700,114,5,232,232,6,4,0,3,14:23,2,2:00,0,0,1,30,1,Minor,Roughing
115_penalty_701,701,115,5,223,223,5,2,0,2,1:19,2,2:00,0,0,1,8,1,Minor,Cross Checking
115_penalty_702,702,115,5,102,102,2,5,1,2,14:36,2,2:00,0,0,1,34,1,Minor,Too Many Players
115_penalty_703,703,115,5,161,161,5,2,0,2,16:56,2,2:00,0,0,1,18,1,Minor,Hooking
115_penalty_704,704,115,5,189,189,2,5,1,3,8:44,2,2:00,0,0,1,3,1,Minor,Boarding
115_penalty_705,705,115,5,220,220,5,2,0,3,10:18,2,2:00,0,0,1,94,1,Minor,Illegal Body Checking
116_penalty_707,707,116,5,198,198,3,6,0,1,3:40,2,2:00,0,0,1,3,1,Minor,Boarding
116_penalty_708,708,116,5,63,63,6,3,1,1,7:58,2,2:00,0,0,1,22,1,Minor,Interference
116_penalty_709,709,116,5,76,76,6,3,1,1,13:24,2,2:00,0,0,1,18,1,Minor,Hooking
116_penalty_710,710,116,5,30,30,3,6,0,2,11:06,2,2:00,0,0,1,3,1,Minor,Boarding
116_penalty_711,711,116,5,73,73,6,3,1,3,3:59,2,2:00,0,0,1,35,1,Minor,Tripping
116_penalty_712,712,116,5,232,213,6,3,1,3,5:18,5,5:00,0,0,1,97,3,Major,Major - Check to the Head
116_penalty_713,713,116,5,232,232,6,3,1,3,5:18,10,10:00,0,0,0,73,5,Misconduct,Game Misconduct
117_penalty_714,714,117,5,36,36,4,2,1,2,0:36,2,2:00,0,0,1,24,1,Minor,Kneeing
117_penalty_715,715,117,5,35,35,4,2,1,2,12:32,2,2:00,0,0,1,18,1,Minor,Hooking
117_penalty_716,716,117,5,47,47,4,2,1,2,18:28,2,2:00,0,0,1,15,1,Minor,High Sticking
117_penalty_717,717,117,5,189,189,2,4,0,3,0:10,2,2:00,0,0,1,22,1,Minor,Interference
117_penalty_718,718,117,5,104,104,2,4,0,3,2:51,2,2:00,0,0,1,30,1,Minor,Roughing
118_penalty_719,719,118,5,167,167,1,6,0,1,7:27,2,2:00,0,0,1,9,1,Minor,Delay of Game
118_penalty_720,720,118,5,12,12,1,6,0,1,11:22,2,2:00,0,0,1,35,1,Minor,Tripping
118_penalty_721,721,118,5,118,118,1,6,0,1,13:12,2,2:00,0,0,1,22,1,Minor,Interference
118_penalty_722,722,118,5,67,67,6,1,1,1,17:36,2,2:00,0,0,1,18,1,Minor,Hooking
118_penalty_723,723,118,5,63,63,6,1,1,2,4:01,2,2:00,0,0,1,16,1,Minor,Holding
118_penalty_724,724,118,5,67,67,6,1,1,2,15:18,2,2:00,0,0,1,22,1,Minor,Interference
118_penalty_725,725,118,5,63,63,6,1,1,3,17:32,2,2:00,0,0,1,30,1,Minor,Roughing
119_penalty_726,726,119,5,188,188,2,3,1,1,1:18,2,2:00,0,0,1,9,1,Minor,Delay of Game
119_penalty_727,727,119,5,102,102,2,3,1,1,5:31,2,2:00,0,0,1,34,1,Minor,Too Many Players
119_penalty_728,728,119,5,169,169,2,3,1,2,15:40,2,2:00,0,0,1,8,1,Minor,Cross Checking
119_penalty_729,729,119,5,84,84,3,2,0,2,17:58,2,2:00,0,0,1,30,1,Minor,Roughing
120_penalty_730,730,120,5,223,223,5,4,0,1,8:58,2,2:00,0,0,1,16,1,Minor,Holding
120_penalty_731,731,120,5,57,57,5,4,0,1,14:52,2,2:00,0,0,1,35,1,Minor,Tripping
120_penalty_732,732,120,5,88,88,5,4,0,2,0:53,2,2:00,0,0,1,22,1,Minor,Interference
120_penalty_733,733,120,5,87,87,4,5,1,2,12:21,2,2:00,0,0,1,31,1,Minor,Slashing
120_penalty_734,734,120,5,227,227,4,5,1,2,15:28,2,2:00,0,0,1,9,1,Minor,Delay of Game
120_penalty_735,735,120,5,161,161,5,4,0,2,17:27,2,2:00,0,0,1,35,1,Minor,Tripping
120_penalty_736,736,120,5,47,47,4,5,1,3,10:32,2,2:00,0,0,1,35,1,Minor,Tripping
121_penalty_737,737,121,5,114,114,3,1,1,1,4:55,2,2:00,0,0,1,35,1,Minor,Tripping
121_penalty_738,738,121,5,18,18,1,3,0,1,7:33,2,2:00,0,0,1,8,1,Minor,Cross Checking
121_penalty_739,739,121,5,18,18,1,3,0,1,9:43,2,2:00,0,0,1,3,1,Minor,Boarding
121_penalty_740,740,121,5,181,181,1,3,0,2,4:38,2,2:00,0,0,1,8,1,Minor,Cross Checking
121_penalty_741,741,121,5,157,157,3,1,1,2,16:42,2,2:00,0,0,1,18,1,Minor,Hooking
121_penalty_742,742,121,5,157,157,3,1,1,2,20:00,10,10:00,0,0,0,73,5,Misconduct,Game Misconduct
121_penalty_743,743,121,5,157,199,3,1,1,2,20:00,5,5:00,0,0,1,97,3,Major,Major - Check to the Head
121_penalty_744,744,121,5,98,98,3,1,1,3,9:57,2,2:00,0,0,1,31,1,Minor,Slashing
121_penalty_745,745,121,5,16,16,1,3,0,3,12:23,2,2:00,0,0,1,30,1,Minor,Roughing
121_penalty_746,746,121,5,84,84,3,1,1,3,17:27,2,2:00,0,0,1,8,1,Minor,Cross Checking
122_penalty_747,747,122,5,68,68,6,5,1,2,1:42,2,2:00,0,0,1,9,1,Minor,Delay of Game
122_penalty_748,748,122,5,61,61,6,5,1,2,14:46,2,2:00,0,0,1,16,1,Minor,Holding
122_penalty_749,749,122,5,,58,5,6,0,2,15:42,2,2:00,1,0,1,34,1,Minor,Too Many Players
122_penalty_750,750,122,5,62,62,5,6,0,3,8:06,2,2:00,0,0,1,22,1,Minor,Interference
122_penalty_751,751,122,5,161,161,5,6,0,3,11:51,10,10:00,0,0,0,73,5,Misconduct,Game Misconduct
122_penalty_752,752,122,5,161,221,5,6,0,3,11:51,5,5:00,0,0,0,48,3,Major,Major-Boarding
123_penalty_753,753,123,5,180,180,1,2,0,1,3:50,2,2:00,0,0,1,35,1,Minor,Tripping
123_penalty_754,754,123,5,189,189,2,1,1,1,9:01,2,2:00,0,0,1,30,1,Minor,Roughing
123_penalty_755,755,123,5,1,1,1,2,0,2,2:00,2,2:00,0,0,1,30,1,Minor,Roughing
123_penalty_756,756,123,5,118,118,1,2,0,2,6:18,2,2:00,0,0,1,22,1,Minor,Interference
123_penalty_757,757,123,5,175,175,1,2,0,2,11:23,2,2:00,0,0,1,8,1,Minor,Cross Checking
123_penalty_758,758,123,5,189,189,2,1,1,2,16:43,2,2:00,0,0,1,35,1,Minor,Tripping
123_penalty_759,759,123,5,18,18,1,2,0,3,9:27,2,2:00,0,0,1,18,1,Minor,Hooking
123_penalty_760,760,123,5,24,24,2,1,1,3,15:59,2,2:00,0,0,1,30,1,Minor,Roughing
124_penalty_761,761,124,5,20,20,2,4,1,1,16:05,2,2:00,0,0,1,18,1,Minor,Hooking
124_penalty_762,762,124,5,191,191,2,4,1,2,5:47,2,2:00,0,0,1,35,1,Minor,Tripping
124_penalty_763,763,124,5,169,169,2,4,1,2,18:37,2,2:00,0,0,1,31,1,Minor,Slashing
124_penalty_764,764,124,5,231,231,4,2,0,3,5:04,2,2:00,0,0,1,31,1,Minor,Slashing
124_penalty_765,765,124,5,231,231,4,2,0,3,10:01,2,2:00,0,0,1,35,1,Minor,Tripping
124_penalty_766,766,124,5,35,35,4,2,0,3,15:26,2,2:00,0,0,1,22,1,Minor,Interference
125_penalty_776,776,125,5,58,58,5,4,0,2,4:52,2,2:00,0,0,1,22,1,Minor,Interference
125_penalty_777,777,125,5,52,52,5,4,0,2,11:28,2,2:00,0,0,1,18,1,Minor,Hooking
125_penalty_778,778,125,5,52,52,5,4,0,2,16:00,2,2:00,0,0,1,31,1,Minor,Slashing
125_penalty_779,779,125,5,57,57,5,4,0,3,0:21,2,2:00,0,0,1,35,1,Minor,Tripping
126_penalty_780,780,126,5,15,15,1,2,0,1,15:30,2,2:00,0,0,1,3,1,Minor,Boarding
126_penalty_781,781,126,5,12,12,1,2,0,2,4:36,2,2:00,0,0,1,18,1,Minor,Hooking
126_penalty_782,782,126,5,12,12,1,2,0,2,11:41,2,2:00,0,0,1,18,1,Minor,Hooking
127_penalty_787,787,127,5,1,1,1,5,0,1,4:48,2,2:00,0,0,1,31,1,Minor,Slashing
127_penalty_788,788,127,5,217,217,5,1,1,1,8:14,2,2:00,0,0,1,35,1,Minor,Tripping
127_penalty_789,789,127,5,142,142,5,1,1,1,18:22,2,2:00,0,0,1,94,1,Minor,Illegal Body Checking
127_penalty_790,790,127,5,108,108,5,1,1,3,7:01,2,2:00,0,0,1,22,1,Minor,Interference
127_penalty_791,791,127,5,53,53,5,1,1,3,16:03,2,2:00,0,0,1,31,1,Minor,Slashing
128_penalty_792,792,128,5,210,210,6,4,0,1,9:58,2,2:00,0,0,1,35,1,Minor,Tripping
128_penalty_793,793,128,5,67,67,6,4,0,1,12:30,2,2:00,0,0,1,8,1,Minor,Cross Checking
128_penalty_794,794,128,5,232,232,6,4,0,2,7:57,2,2:00,0,0,1,31,1,Minor,Slashing
128_penalty_795,795,128,5,204,204,4,6,1,2,12:30,2,2:00,0,0,1,18,1,Minor,Hooking
128_penalty_796,796,128,5,44,44,4,6,1,3,2:51,2,2:00,0,0,1,22,1,Minor,Interference
129_penalty_806,806,129,5,52,52,5,6,1,1,2:01,2,2:00,0,0,1,3,1,Minor,Boarding
129_penalty_807,807,129,5,232,232,6,5,0,1,4:32,2,2:00,0,0,1,31,1,Minor,Slashing
129_penalty_808,808,129,5,4,4,5,6,1,1,10:38,2,2:00,0,0,1,18,1,Minor,Hooking
129_penalty_809,809,129,5,57,57,5,6,1,1,15:20,2,2:00,0,0,1,18,1,Minor,Hooking
129_penalty_810,810,129,5,161,161,5,6,1,2,4:22,2,2:00,0,0,1,22,1,Minor,Interference
129_penalty_811,811,129,5,,89,6,5,0,3,14:54,2,2:00,1,0,1,34,1,Minor,Too Many Players
130_penalty_812,812,130,5,36,36,4,2,1,2,5:44,2,2:00,0,0,1,35,1,Minor,Tripping
130_penalty_813,813,130,5,38,38,4,2,1,2,11:40,2,2:00,0,0,1,22,1,Minor,Interference
130_penalty_814,814,130,5,47,47,4,2,1,2,13:53,2,2:00,0,0,1,8,1,Minor,Cross Checking
130_penalty_815,815,130,5,79,79,2,4,0,3,16:39,2,2:00,0,0,1,3,1,Minor,Boarding
131_penalty_816,816,131,5,196,196,3,2,1,1,4:57,2,2:00,0,0,1,35,1,Minor,Tripping
131_penalty_817,817,131,5,31,31,3,2,1,1,15:48,2,2:00,0,0,1,94,1,Minor,Illegal Body Checking
131_penalty_818,818,131,5,23,23,2,3,0,2,4:14,2,2:00,0,0,1,3,1,Minor,Boarding
131_penalty_819,819,131,5,79,79,2,3,0,2,5:08,2,2:00,0,0,1,9,1,Minor,Delay of Game
131_penalty_820,820,131,5,188,188,2,3,0,2,12:01,2,2:00,0,0,1,22,1,Minor,Interference
131_penalty_821,821,131,5,157,157,3,2,1,3,2:54,2,2:00,0,0,1,35,1,Minor,Tripping
131_penalty_822,822,131,5,191,191,2,3,0,3,8:33,2,2:00,0,0,1,24,1,Minor,Kneeing
131_penalty_823,823,131,5,,114,3,2,1,3,16:00,2,2:00,1,0,1,101,1,Minor,Throwing Equipment
131_penalty_824,824,131,5,11,11,2,3,0,3,16:58,2,2:00,0,0,1,18,1,Minor,Hooking
132_penalty_830,830,132,5,23,23,2,5,1,1,11:56,2,2:00,0,0,1,18,1,Minor,Hooking
132_penalty_831,831,132,5,62,62,5,2,0,1,15:17,2,2:00,0,0,1,35,1,Minor,Tripping
132_penalty_832,832,132,5,53,53,5,2,0,2,3:59,2,2:00,0,0,1,18,1,Minor,Hooking
132_penalty_833,833,132,5,115,115,2,5,1,3,16:37,2,2:00,0,0,1,30,1,Minor,Roughing
133_penalty_834,834,133,5,185,185,1,6,1,2,6:41,2,2:00,0,0,1,16,1,Minor,Holding
133_penalty_835,835,133,5,76,76,6,1,0,2,10:11,2,2:00,0,0,1,8,1,Minor,Cross Checking
133_penalty_836,836,133,5,149,149,1,6,1,2,12:38,2,2:00,0,0,0,30,1,Minor,Roughing
133_penalty_837,837,133,5,67,67,6,1,0,2,12:38,2,2:00,0,0,0,30,1,Minor,Roughing
133_penalty_838,838,133,5,17,17,1,6,1,2,15:14,2,2:00,0,0,1,35,1,Minor,Tripping
133_penalty_839,839,133,5,110,110,1,6,1,3,4:15,2,2:00,0,0,1,9,1,Minor,Delay of Game
134_penalty_847,847,134,5,189,189,2,1,1,2,12:58,2,2:00,0,0,1,10,1,Minor,Elbowing
134_penalty_848,848,134,5,78,78,1,2,0,2,15:20,2,2:00,0,0,1,22,1,Minor,Interference
134_penalty_849,849,134,5,79,79,2,1,1,3,7:02,2,2:00,0,0,1,22,1,Minor,Interference
135_penalty_850,850,135,5,52,52,5,4,1,1,10:42,2,2:00,0,0,1,8,1,Minor,Cross Checking
135_penalty_851,851,135,5,205,205,4,5,0,1,14:46,2,2:00,0,0,1,3,1,Minor,Boarding
135_penalty_852,852,135,5,101,101,5,4,1,2,11:20,2,2:00,0,0,1,35,1,Minor,Tripping
135_penalty_853,853,135,5,60,60,5,4,1,2,14:26,2,2:00,0,0,0,8,1,Minor,Cross Checking
135_penalty_854,854,135,5,36,36,4,5,0,2,14:26,2,2:00,0,0,0,16,1,Minor,Holding
135_penalty_855,855,135,5,161,161,5,4,1,3,6:07,5,5:00,0,0,1,48,3,Major,Major-Boarding
135_penalty_856,856,135,5,57,57,5,4,1,3,10:21,2,2:00,0,0,0,3,1,Minor,Boarding
135_penalty_857,857,135,5,35,35,4,5,0,3,17:44,2,2:00,0,0,1,35,1,Minor,Tripping
136_penalty_858,858,136,5,67,67,6,2,0,1,2:45,2,2:00,0,0,1,3,1,Minor,Boarding
136_penalty_859,859,136,5,91,91,2,6,1,1,12:44,2,2:00,0,0,1,34,1,Minor,Too Many Players
136_penalty_860,860,136,5,232,232,6,2,0,1,15:50,2,2:00,0,0,1,18,1,Minor,Hooking
136_penalty_861,861,136,5,23,23,2,6,1,2,6:12,2,2:00,0,0,1,18,1,Minor,Hooking
136_penalty_862,862,136,5,63,63,6,2,0,2,7:25,2,2:00,0,0,1,18,1,Minor,Hooking
136_penalty_863,863,136,5,75,75,6,2,0,3,1:53,2,2:00,0,0,1,83,1,Minor,Ob-Tripping
136_penalty_864,864,136,5,23,23,2,6,1,3,3:32,2,2:00,0,0,1,18,1,Minor,Hooking
136_penalty_865,865,136,5,24,24,2,6,1,3,11:01,2,2:00,0,0,1,35,1,Minor,Tripping
136_penalty_866,866,136,5,208,208,6,2,0,3,13:31,2,2:00,0,0,1,94,1,Minor,Illegal Body Checking
137_penalty_867,867,137,5,200,200,3,5,1,1,15:03,2,2:00,0,0,1,22,1,Minor,Interference
137_penalty_868,868,137,5,53,53,5,3,0,1,19:29,2,2:00,0,0,1,35,1,Minor,Tripping
137_penalty_869,869,137,5,219,219,5,3,0,2,9:03,2,2:00,0,0,1,8,1,Minor,Cross Checking
137_penalty_870,870,137,5,71,71,5,3,0,2,11:06,2,2:00,0,0,1,16,1,Minor,Holding
138_penalty_871,871,138,5,74,74,6,3,0,1,8:34,2,2:00,0,0,1,35,1,Minor,Tripping
138_penalty_872,872,138,5,157,157,3,6,1,1,9:36,2,2:00,0,0,1,22,1,Minor,Interference
138_penalty_873,873,138,5,203,203,3,6,1,2,3:52,2,2:00,0,0,1,35,1,Minor,Tripping
138_penalty_874,874,138,5,30,30,3,6,1,2,12:25,2,2:00,0,0,1,9,1,Minor,Delay of Game
138_penalty_875,875,138,5,214,214,6,3,0,2,15:03,2,2:00,0,0,1,3,1,Minor,Boarding
138_penalty_876,876,138,5,32,32,3,6,1,2,16:05,2,2:00,0,0,1,15,1,Minor,High Sticking
138_penalty_877,877,138,5,74,74,6,3,0,3,2:15,2,2:00,0,0,1,8,1,Minor,Cross Checking
138_penalty_878,878,138,5,30,30,3,6,1,3,12:17,2,2:00,0,0,1,16,1,Minor,Holding
138_penalty_879,879,138,5,210,210,6,3,0,3,18:52,2,2:00,0,0,1,18,1,Minor,Hooking
139_penalty_880,880,139,5,1,1,1,4,1,1,19:04,2,2:00,0,0,1,3,1,Minor,Boarding
139_penalty_881,881,139,5,18,18,1,4,1,2,2:21,2,2:00,0,0,1,18,1,Minor,Hooking
139_penalty_882,882,139,5,35,35,4,1,0,2,4:34,2,2:00,0,0,1,32,1,Minor,Spearing
139_penalty_884,884,139,5,13,13,1,4,1,2,6:06,2,2:00,0,0,0,8,1,Minor,Cross Checking
139_penalty_885,885,139,5,40,40,4,1,0,2,6:06,2,2:00,0,0,0,30,1,Minor,Roughing
139_penalty_883,883,139,5,35,35,4,1,0,2,6:34,2,2:00,0,0,1,32,1,Minor,Spearing
139_penalty_886,886,139,5,110,110,1,4,1,2,7:19,2,2:00,0,0,1,34,1,Minor,Too Many Players
139_penalty_887,887,139,5,36,36,4,1,0,2,14:12,2,2:00,0,0,1,94,1,Minor,Illegal Body Checking
139_penalty_888,888,139,5,183,183,1,4,1,2,17:55,2,2:00,0,0,1,94,1,Minor,Illegal Body Checking
139_penalty_889,889,139,5,33,33,4,1,0,3,6:42,2,2:00,0,0,1,22,1,Minor,Interference
139_penalty_890,890,139,5,181,181,1,4,1,3,7:45,2,2:00,0,0,0,8,1,Minor,Cross Checking
139_penalty_892,892,139,5,205,205,4,1,0,3,7:45,2,2:00,0,0,0,30,1,Minor,Roughing
139_penalty_891,891,139,5,205,205,4,1,0,3,10:44,2,2:00,0,0,1,18,1,Minor,Hooking
139_penalty_893,893,139,5,78,78,1,4,1,3,12:50,2,2:00,0,0,1,16,1,Minor,Holding
139_penalty_894,894,139,5,42,42,4,1,0,3,14:24,2,2:00,0,0,1,37,1,Minor,Unsportsmanlike Cnd.
140_penalty_895,895,140,5,67,67,6,5,1,1,9:44,2,2:00,0,0,1,30,1,Minor,Roughing
140_penalty_896,896,140,5,58,58,5,6,0,1,9:58,2,2:00,0,0,1,22,1,Minor,Interference
140_penalty_897,897,140,5,68,68,6,5,1,1,13:50,2,2:00,0,0,1,35,1,Minor,Tripping
140_penalty_898,898,140,5,71,71,5,6,0,1,17:55,2,2:00,0,0,1,23,1,Minor,Inter. on Goaltender
140_penalty_899,899,140,5,60,60,5,6,0,2,16:01,2,2:00,0,0,1,94,1,Minor,Illegal Body Checking
140_penalty_900,900,140,5,67,67,6,5,1,3,0:46,2,2:00,0,0,1,17,1,Minor,Holding Opp. Stick
140_penalty_901,901,140,5,73,73,6,5,1,3,14:23,2,2:00,0,0,1,94,1,Minor,Illegal Body Checking
141_penalty_902,902,141,5,230,230,4,3,1,1,15:02,2,2:00,0,0,1,3,1,Minor,Boarding
141_penalty_903,903,141,5,205,205,4,3,1,2,5:54,2,2:00,0,0,0,30,1,Minor,Roughing
141_penalty_904,904,141,5,114,114,3,4,0,2,5:54,2,2:00,0,0,0,8,1,Minor,Cross Checking
141_penalty_905,905,141,5,201,201,3,4,0,2,11:36,2,2:00,0,0,1,30,1,Minor,Roughing
141_penalty_906,906,141,5,31,31,3,4,0,2,13:48,5,5:00,0,0,1,50,3,Major,Major-Charging
141_penalty_907,907,141,5,201,201,3,4,0,3,15:26,2,2:00,0,0,1,16,1,Minor,Holding
142_penalty_908,908,142,5,190,190,2,6,0,1,6:12,2,2:00,0,0,1,22,1,Minor,Interference
142_penalty_909,909,142,5,192,192,2,6,0,1,14:26,2,2:00,0,0,1,18,1,Minor,Hooking
142_penalty_910,910,142,5,209,209,6,2,1,2,0:45,2,2:00,0,0,1,18,1,Minor,Hooking
142_penalty_911,911,142,5,24,24,2,6,0,2,12:57,2,2:00,0,0,1,9,1,Minor,Delay of Game
142_penalty_912,912,142,5,66,66,6,2,1,3,4:17,2,2:00,0,0,1,9,1,Minor,Delay of Game
143_penalty_919,919,143,5,35,35,4,1,1,1,8:05,2,2:00,0,0,1,3,1,Minor,Boarding
143_penalty_914,914,143,5,12,12,1,4,0,2,0:22,2,2:00,0,0,1,18,1,Minor,Hooking
143_penalty_915,915,143,5,87,87,4,1,1,2,12:22,2,2:00,0,0,1,35,1,Minor,Tripping
143_penalty_916,916,143,5,2,2,1,4,0,2,18:04,2,2:00,0,0,1,8,1,Minor,Cross Checking
143_penalty_917,917,143,5,2,2,1,4,0,3,0:42,2,2:00,0,0,1,35,1,Minor,Tripping
143_penalty_918,918,143,5,15,15,1,4,0,3,4:21,2,2:00,0,0,1,18,1,Minor,Hooking
144_penalty_920,920,144,5,219,219,5,2,1,1,6:08,2,2:00,0,0,1,94,1,Minor,Illegal Body Checking
144_penalty_921,921,144,5,62,62,5,2,1,2,5:31,2,2:00,0,0,1,94,1,Minor,Illegal Body Checking
144_penalty_923,923,144,5,189,189,2,5,0,2,7:34,2,2:00,0,0,0,30,1,Minor,Roughing
144_penalty_922,922,144,5,71,71,5,2,1,2,7:34,2,2:00,0,0,0,30,1,Minor,Roughing
144_penalty_924,924,144,5,21,21,2,5,0,2,17:29,2,2:00,0,0,1,15,1,Minor,High Sticking
144_penalty_925,925,144,5,21,21,2,5,0,3,9:06,2,2:00,0,0,1,94,1,Minor,Illegal Body Checking
144_penalty_926,926,144,5,71,71,5,2,1,3,14:00,2,2:00,0,0,1,22,1,Minor,Interference
145_penalty_927,927,145,5,183,183,1,6,0,1,2:02,2,2:00,0,0,1,35,1,Minor,Tripping
145_penalty_928,928,145,5,73,73,6,1,1,1,17:29,2,2:00,0,0,1,8,1,Minor,Cross Checking
145_penalty_930,930,145,5,180,180,1,6,0,2,7:46,2,2:00,0,0,0,30,1,Minor,Roughing
145_penalty_929,929,145,5,89,89,6,1,1,2,7:46,2,2:00,0,0,0,30,1,Minor,Roughing
145_penalty_932,932,145,5,18,18,1,6,0,3,12:04,2,2:00,0,0,0,30,1,Minor,Roughing
145_penalty_931,931,145,5,65,65,6,1,1,3,12:04,2,2:00,0,0,0,30,1,Minor,Roughing
145_penalty_933,933,145,5,18,18,1,6,0,3,16:10,2,2:00,0,0,1,35,1,Minor,Tripping
146_penalty_934,934,146,5,99,99,3,4,1,2,2:48,2,2:00,0,0,1,9,1,Minor,Delay of Game
146_penalty_935,935,146,5,199,199,3,4,1,2,3:53,2,2:00,0,0,1,3,1,Minor,Boarding
146_penalty_936,936,146,5,31,31,3,4,1,2,7:52,2,2:00,0,0,1,30,1,Minor,Roughing
146_penalty_937,937,146,5,206,206,4,3,0,2,12:33,2,2:00,0,0,1,16,1,Minor,Holding
146_penalty_938,938,146,5,30,30,3,4,1,2,13:58,2,2:00,0,0,1,18,1,Minor,Hooking
146_penalty_939,939,146,5,36,36,4,3,0,3,1:08,2,2:00,0,0,1,30,1,Minor,Roughing
146_penalty_940,940,146,5,47,47,4,3,0,3,2:38,2,2:00,0,0,1,9,1,Minor,Delay of Game
147_penalty_942,942,147,5,91,91,2,1,0,1,13:38,2,2:00,0,0,0,30,1,Minor,Roughing
147_penalty_941,941,147,5,16,16,1,2,1,1,13:38,2,2:00,0,0,0,30,1,Minor,Roughing
147_penalty_943,943,147,5,91,91,2,1,0,1,13:38,2,2:00,0,0,1,16,1,Minor,Holding
147_penalty_944,944,147,5,167,167,1,2,1,2,6:56,2,2:00,0,0,1,35,1,Minor,Tripping
147_penalty_945,945,147,5,2,2,1,2,1,2,17:16,2,2:00,0,0,1,16,1,Minor,Holding
148_penalty_959,959,148,5,227,227,4,1,1,1,10:44,2,2:00,0,0,1,18,1,Minor,Hooking
148_penalty_960,960,148,5,229,229,4,1,1,1,14:24,2,2:00,0,0,1,22,1,Minor,Interference
148_penalty_961,961,148,5,18,110,1,4,0,2,0:50,5,5:00,0,0,0,97,3,Major,Major - Check to the Head
148_penalty_962,962,148,5,18,18,1,4,0,2,0:50,10,10:00,0,0,0,73,5,Misconduct,Game Misconduct
148_penalty_963,963,148,5,1,1,1,4,0,2,9:49,2,2:00,0,0,1,3,1,Minor,Boarding
148_penalty_964,964,148,5,2,2,1,4,0,2,9:49,2,2:00,0,0,1,8,1,Minor,Cross Checking
148_penalty_965,965,148,5,87,87,4,1,1,2,16:19,2,2:00,0,0,1,8,1,Minor,Cross Checking
148_penalty_966,966,148,5,87,87,4,1,1,3,13:50,2,2:00,0,0,1,35,1,Minor,Tripping
149_penalty_967,967,149,5,20,20,2,3,0,1,4:48,2,2:00,0,0,1,18,1,Minor,Hooking
149_penalty_968,968,149,5,199,199,3,2,1,1,11:07,2,2:00,0,0,1,10,1,Minor,Elbowing
149_penalty_969,969,149,5,23,23,2,3,0,1,12:18,2,2:00,0,0,1,94,1,Minor,Illegal Body Checking
149_penalty_970,970,149,5,84,84,3,2,1,2,2:01,2,2:00,0,0,1,18,1,Minor,Hooking
149_penalty_971,971,149,5,114,114,3,2,1,2,15:16,2,2:00,0,0,1,18,1,Minor,Hooking
149_penalty_972,972,149,5,79,79,2,3,0,3,10:09,2,2:00,0,0,1,3,1,Minor,Boarding
149_penalty_973,973,149,5,138,138,3,2,1,3,20:00,10,10:00,0,0,0,71,5,Misconduct,10-Minute Misconduct
150_penalty_974,974,150,5,44,44,4,6,1,2,12:35,2,2:00,0,0,1,22,1,Minor,Interference
150_penalty_975,975,150,5,87,87,4,6,1,2,16:04,2,2:00,0,0,1,8,1,Minor,Cross Checking
150_penalty_976,976,150,5,73,73,6,4,0,3,5:16,2,2:00,0,0,1,35,1,Minor,Tripping
150_penalty_977,977,150,5,35,35,4,6,1,3,8:04,2,2:00,0,0,1,18,1,Minor,Hooking
150_penalty_978,978,150,5,227,227,4,6,1,3,10:58,2,2:00,0,0,1,15,1,Minor,High Sticking
150_penalty_979,979,150,5,212,212,6,4,0,3,12:49,2,2:00,0,0,1,18,1,Minor,Hooking
150_penalty_980,980,150,5,67,67,6,4,0,3,16:50,2,2:00,0,0,1,8,1,Minor,Cross Checking
150_penalty_981,981,150,5,205,205,4,6,1,3,17:43,2,2:00,0,0,1,31,1,Minor,Slashing
150_penalty_982,982,150,5,76,76,6,4,0,3,18:06,2,2:00,0,0,1,31,1,Minor,Slashing
151_penalty_983,983,151,5,185,185,1,5,0,1,11:47,2,2:00,0,0,1,16,1,Minor,Holding
151_penalty_984,984,151,5,13,13,1,5,0,1,16:03,2,2:00,0,0,1,35,1,Minor,Tripping
151_penalty_985,985,151,5,53,53,5,1,1,2,4:58,2,2:00,0,0,1,35,1,Minor,Tripping
151_penalty_986,986,151,5,60,60,5,1,1,2,17:08,2,2:00,0,0,1,16,1,Minor,Holding
151_penalty_987,987,151,5,183,183,1,5,0,2,19:22,2,2:00,0,0,1,18,1,Minor,Hooking
151_penalty_989,989,151,5,149,149,1,5,0,3,11:18,2,2:00,0,0,0,30,1,Minor,Roughing
151_penalty_988,988,151,5,161,161,5,1,1,3,11:18,2,2:00,0,0,0,30,1,Minor,Roughing
151_penalty_991,991,151,5,149,149,1,5,0,3,11:18,2,2:00,0,0,0,30,1,Minor,Roughing
151_penalty_990,990,151,5,161,161,5,1,1,3,13:18,2,2:00,0,0,0,30,1,Minor,Roughing
151_penalty_992,992,151,5,5,5,1,5,0,3,14:27,2,2:00,0,0,1,16,1,Minor,Holding
151_penalty_993,993,151,5,57,57,5,1,1,3,16:37,2,2:00,0,0,1,3,1,Minor,Boarding
152_penalty_994,994,152,5,199,199,3,5,0,1,12:54,2,2:00,0,0,1,3,1,Minor,Boarding
152_penalty_995,995,152,5,57,57,5,3,1,2,6:48,2,2:00,0,0,1,31,1,Minor,Slashing
152_penalty_996,996,152,5,99,99,3,5,0,3,7:02,2,2:00,0,0,1,18,1,Minor,Hooking
152_penalty_997,997,152,5,223,223,5,3,1,3,16:35,2,2:00,0,0,1,3,1,Minor,Boarding
153_penalty_998,998,153,5,190,190,2,6,1,1,2:45,2,2:00,0,0,1,3,1,Minor,Boarding
153_penalty_999,999,153,5,76,76,6,2,0,1,4:33,2,2:00,0,0,1,31,1,Minor,Slashing
153_penalty_1000,1000,153,5,100,100,6,2,0,2,2:00,2,2:00,0,0,1,18,1,Minor,Hooking
153_penalty_1002,1002,153,5,192,90,2,6,1,2,7:49,5,5:00,0,0,1,97,3,Major,Major - Check to the Head
153_penalty_1001,1001,153,5,192,192,2,6,1,2,7:49,10,10:00,0,0,1,73,5,Misconduct,Game Misconduct
154_penalty_1010,1010,154,5,196,196,3,6,1,2,0:46,2,2:00,0,0,1,9,1,Minor,Delay of Game
154_penalty_1011,1011,154,5,83,83,3,6,1,2,19:44,2,2:00,0,0,1,35,1,Minor,Tripping
154_penalty_1012,1012,154,5,67,67,6,3,0,3,14:52,2,2:00,0,0,1,3,1,Minor,Boarding
155_penalty_1013,1013,155,5,101,101,5,4,1,1,14:47,2,2:00,0,0,1,22,1,Minor,Interference
155_penalty_1014,1014,155,5,36,36,4,5,0,2,7:28,2,2:00,0,0,1,9,1,Minor,Delay of Game
155_penalty_1015,1015,155,5,230,230,4,5,0,3,3:03,2,2:00,0,0,1,35,1,Minor,Tripping
155_penalty_1016,1016,155,5,223,223,5,4,1,3,7:22,2,2:00,0,0,1,30,1,Minor,Roughing
155_penalty_1017,1017,155,5,221,221,5,4,1,3,9:14,2,2:00,0,0,1,31,1,Minor,Slashing
155_penalty_1018,1018,155,5,53,53,5,4,1,3,11:56,2,2:00,0,0,1,8,1,Minor,Cross Checking
155_penalty_1019,1019,155,5,230,230,4,5,0,3,14:10,2,2:00,0,0,1,35,1,Minor,Tripping
156_penalty_1027,1027,156,5,201,201,3,2,1,1,16:34,2,2:00,0,0,1,29,1,Minor,Playing w/broken st.
156_penalty_1028,1028,156,5,84,84,3,2,1,2,10:07,2,2:00,0,0,1,35,1,Minor,Tripping
156_penalty_1029,1029,156,5,31,31,3,2,1,2,11:27,2,2:00,0,0,1,18,1,Minor,Hooking
156_penalty_1030,1030,156,5,30,30,3,2,1,2,15:38,2,2:00,0,0,1,8,1,Minor,Cross Checking
156_penalty_1031,1031,156,5,102,102,2,3,0,2,18:19,2,2:00,0,0,1,18,1,Minor,Hooking
156_penalty_1032,1032,156,5,114,114,3,2,1,4,2:02,2,2:00,0,0,1,3,1,Minor,Boarding
157_penalty_1033,1033,157,5,40,40,4,1,0,2,0:31,2,2:00,0,0,1,8,1,Minor,Cross Checking
157_penalty_1034,1034,157,5,18,18,1,4,1,2,9:45,2,2:00,0,0,1,9,1,Minor,Delay of Game
157_penalty_1035,1035,157,5,1,1,1,4,1,2,13:50,2,2:00,0,0,1,15,1,Minor,High Sticking
158_penalty_1036,1036,158,5,138,138,3,6,0,1,5:39,2,2:00,0,0,1,3,1,Minor,Boarding
158_penalty_1037,1037,158,5,196,196,3,6,0,1,10:29,2,2:00,0,0,1,3,1,Minor,Boarding
158_penalty_1038,1038,158,5,67,67,6,3,1,1,12:46,2,2:00,0,0,1,35,1,Minor,Tripping
158_penalty_1039,1039,158,5,61,61,6,3,1,1,16:31,2,2:00,0,0,1,22,1,Minor,Interference
158_penalty_1040,1040,158,5,28,157,3,6,0,2,14:40,2,2:00,0,0,1,35,1,Minor,Tripping
158_penalty_1041,1041,158,5,31,31,3,6,0,2,15:49,2,2:00,0,0,1,9,1,Minor,Delay of Game
158_penalty_1043,1043,158,5,76,76,6,3,1,2,19:58,2,2:00,0,0,0,30,1,Minor,Roughing
158_penalty_1044,1044,158,5,28,199,3,6,0,2,19:58,2,2:00,0,0,0,30,1,Minor,Roughing
158_penalty_1042,1042,158,5,65,65,6,3,1,2,19:58,2,2:00,0,0,1,30,1,Minor,Roughing
158_penalty_1045,1045,158,5,61,61,6,3,1,3,1:46,2,2:00,0,0,1,31,1,Minor,Slashing
158_penalty_1046,1046,158,5,68,68,6,3,1,3,7:34,2,2:00,0,0,1,18,1,Minor,Hooking
158_penalty_1047,1047,158,5,89,89,6,3,1,3,11:37,2,2:00,0,0,1,31,1,Minor,Slashing
158_penalty_1048,1048,158,5,116,116,3,6,0,3,17:19,2,2:00,0,0,1,16,1,Minor,Holding
159_penalty_1058,1058,159,5,210,210,6,2,1,1,19:16,2,2:00,0,0,1,35,1,Minor,Tripping
159_penalty_1059,1059,159,5,208,208,6,2,1,2,5:49,2,2:00,0,0,1,22,1,Minor,Interference
159_penalty_1060,1060,159,5,11,11,2,6,0,2,8:52,2,2:00,0,0,1,22,1,Minor,Interference
159_penalty_1061,1061,159,5,189,189,2,6,0,2,12:06,2,2:00,0,0,1,10,1,Minor,Elbowing
159_penalty_1062,1062,159,5,73,73,6,2,1,3,3:06,2,2:00,0,0,1,18,1,Minor,Hooking
159_penalty_1063,1063,159,5,63,63,6,2,1,3,6:42,2,2:00,0,0,1,94,1,Minor,Illegal Body Checking
159_penalty_1064,1064,159,5,189,189,2,6,0,3,7:50,2,2:00,0,0,1,16,1,Minor,Holding
159_penalty_1065,1065,159,5,63,63,6,2,1,3,12:16,2,2:00,0,0,1,35,1,Minor,Tripping
160_penalty_1066,1066,160,5,169,169,2,5,0,1,15:46,2,2:00,0,0,1,22,1,Minor,Interference
160_penalty_1067,1067,160,5,60,60,5,2,1,2,4:09,2,2:00,0,0,1,22,1,Minor,Interference
160_penalty_1068,1068,160,5,90,90,2,5,0,2,16:53,2,2:00,0,0,1,31,1,Minor,Slashing
160_penalty_1069,1069,160,5,23,23,2,5,0,3,0:32,2,2:00,0,0,1,35,1,Minor,Tripping
160_penalty_1070,1070,160,5,224,224,5,2,1,3,4:54,2,2:00,0,0,1,18,1,Minor,Hooking
160_penalty_1071,1071,160,5,4,4,5,2,1,3,14:12,2,2:00,0,0,1,35,1,Minor,Tripping
161_penalty_1072,1072,161,5,199,199,3,4,0,1,19:25,2,2:00,0,0,1,15,1,Minor,High Sticking
161_penalty_1073,1073,161,5,230,230,4,3,1,2,7:27,2,2:00,0,0,1,30,1,Minor,Roughing
161_penalty_1075,1075,161,5,99,99,3,4,0,2,18:20,2,2:00,0,0,0,30,1,Minor,Roughing
161_penalty_1074,1074,161,5,36,36,4,3,1,2,18:20,2,2:00,0,0,0,30,1,Minor,Roughing
161_penalty_1076,1076,161,5,205,205,4,3,1,3,5:10,10,10:00,0,0,0,73,5,Misconduct,Game Misconduct
161_penalty_1077,1077,161,5,205,36,4,3,1,3,5:10,5,5:00,0,0,0,97,3,Major,Major - Check to the Head
161_penalty_1078,1078,161,5,196,196,3,4,0,3,13:40,2,2:00,0,0,1,22,1,Minor,Interference
161_penalty_1079,1079,161,5,36,36,4,3,1,3,18:42,2,2:00,0,0,0,16,1,Minor,Holding
161_penalty_1080,1080,161,5,99,99,3,4,0,3,18:42,2,2:00,0,0,0,30,1,Minor,Roughing
161_penalty_1081,1081,161,5,30,30,3,4,0,4,1:10,2,2:00,0,0,1,31,1,Minor,Slashing
162_penalty_1082,1082,162,5,175,175,1,5,0,1,2:48,2,2:00,0,0,1,22,1,Minor,Interference
162_penalty_1083,1083,162,5,49,49,1,5,0,1,11:30,2,2:00,0,0,1,18,1,Minor,Hooking
162_penalty_1084,1084,162,5,,220,5,1,1,1,15:56,2,2:00,1,0,1,34,1,Minor,Too Many Players
162_penalty_1085,1085,162,5,161,161,5,1,1,2,7:26,2,2:00,0,0,1,35,1,Minor,Tripping
162_penalty_1086,1086,162,5,219,219,5,1,1,3,7:26,2,2:00,0,0,1,35,1,Minor,Tripping
163_penalty_1093,1093,163,5,99,99,3,1,0,1,4:58,2,2:00,0,0,1,22,1,Minor,Interference
163_penalty_1094,1094,163,5,,157,3,1,0,1,6:10,2,2:00,1,0,1,34,1,Minor,Too Many Players
163_penalty_1095,1095,163,5,51,51,3,1,0,1,12:18,2,2:00,0,0,1,18,1,Minor,Hooking
163_penalty_1096,1096,163,5,157,157,3,1,0,1,18:40,2,2:00,0,0,1,35,1,Minor,Tripping
163_penalty_1097,1097,163,5,1,1,1,3,1,2,1:41,2,2:00,0,0,1,35,1,Minor,Tripping
163_penalty_1098,1098,163,5,167,167,1,3,1,2,15:30,2,2:00,0,0,1,22,1,Minor,Interference
163_penalty_1099,1099,163,5,1,1,1,3,1,3,8:10,2,2:00,0,0,1,23,1,Minor,Inter. on Goaltender
163_penalty_1100,1100,163,5,2,2,1,3,1,3,18:56,2,2:00,0,0,0,30,1,Minor,Roughing
163_penalty_1101,1101,163,5,30,30,3,1,0,3,18:56,2,2:00,0,0,0,31,1,Minor,Slashing
164_penalty_1102,1102,164,5,67,67,6,4,1,1,12:41,2,2:00,0,0,1,94,1,Minor,Illegal Body Checking
164_penalty_1103,1103,164,5,86,86,6,4,1,1,16:45,2,2:00,0,0,1,16,1,Minor,Holding
164_penalty_1104,1104,164,5,,34,4,6,0,2,1:20,2,2:00,1,0,1,9,1,Minor,Delay of Game
164_penalty_1105,1105,164,5,56,56,6,4,1,2,3:58,2,2:00,0,0,1,22,1,Minor,Interference
164_penalty_1106,1106,164,5,73,73,6,4,1,3,9:23,2,2:00,0,0,1,9,1,Minor,Delay of Game
164_penalty_1107,1107,164,5,205,205,4,6,0,3,10:49,2,2:00,0,0,1,31,1,Minor,Slashing
164_penalty_1108,1108,164,5,,100,6,4,1,3,16:52,2,2:00,1,0,1,34,1,Minor,Too Many Players
164_penalty_1109,1109,164,5,,36,4,6,0,3,17:53,2,2:00,1,0,1,34,1,Minor,Too Many Players
165_penalty_1110,1110,165,5,204,204,4,5,1,1,8:25,2,2:00,0,0,1,35,1,Minor,Tripping
165_penalty_1111,1111,165,5,62,62,5,4,0,1,12:14,2,2:00,0,0,1,8,1,Minor,Cross Checking
165_penalty_1112,1112,165,5,205,205,4,5,1,1,13:38,2,2:00,0,0,1,18,1,Minor,Hooking
165_penalty_1113,1113,165,5,72,72,5,4,0,2,1:38,2,2:00,0,0,1,22,1,Minor,Interference
165_penalty_1114,1114,165,5,125,125,5,4,0,2,5:25,2,2:00,0,0,1,18,1,Minor,Hooking
165_penalty_1115,1115,165,5,62,62,5,4,0,2,9:10,2,2:00,0,0,1,18,1,Minor,Hooking
165_penalty_1116,1116,165,5,47,47,4,5,1,3,5:03,2,2:00,0,0,1,24,1,Minor,Kneeing
165_penalty_1117,1117,165,5,60,60,5,4,0,3,16:33,2,2:00,0,0,1,22,1,Minor,Interference
165_penalty_1118,1118,165,5,52,52,5,4,0,3,18:38,2,2:00,0,0,1,9,1,Minor,Delay of Game
166_penalty_1119,1119,166,5,208,208,6,3,0,1,8:29,2,2:00,0,0,1,35,1,Minor,Tripping
166_penalty_1120,1120,166,5,30,30,3,6,1,1,15:35,2,2:00,0,0,1,18,1,Minor,Hooking
166_penalty_1121,1121,166,5,,86,6,3,0,2,2:55,2,2:00,1,0,1,34,1,Minor,Too Many Players
166_penalty_1122,1122,166,5,75,75,6,3,0,2,8:55,2,2:00,0,0,1,35,1,Minor,Tripping
166_penalty_1123,1123,166,5,86,86,6,3,0,3,3:23,2,2:00,0,0,1,35,1,Minor,Tripping
166_penalty_1124,1124,166,5,76,76,6,3,0,3,14:22,2,2:00,0,0,1,8,1,Minor,Cross Checking
167_penalty_1125,1125,167,5,42,42,4,5,0,1,3:05,2,2:00,0,0,1,31,1,Minor,Slashing
167_penalty_1126,1126,167,5,62,62,5,4,1,1,7:36,2,2:00,0,0,1,18,1,Minor,Hooking
167_penalty_1127,1127,167,5,9,9,4,5,0,1,16:48,2,2:00,0,0,1,18,1,Minor,Hooking
167_penalty_1128,1128,167,5,9,9,4,5,0,2,1:50,2,2:00,0,0,1,16,1,Minor,Holding
167_penalty_1129,1129,167,5,62,62,5,4,1,3,4:05,2,2:00,0,0,1,22,1,Minor,Interference
167_penalty_1130,1130,167,5,224,224,5,4,1,3,5:44,2,2:00,0,0,1,22,1,Minor,Interference
167_penalty_1131,1131,167,5,161,161,5,4,1,3,8:17,2,2:00,0,0,1,16,1,Minor,Holding
167_penalty_1132,1132,167,5,205,205,4,5,0,3,15:08,2,2:00,0,0,1,31,1,Minor,Slashing
167_penalty_1133,1133,167,5,224,224,5,4,1,3,19:02,2,2:00,0,0,1,30,1,Minor,Roughing
168_penalty_1139,1139,168,5,192,192,2,3,1,1,13:48,2,2:00,0,0,1,22,1,Minor,Interference
168_penalty_1142,1142,168,5,203,203,3,2,0,2,16:31,2,2:00,0,0,1,22,1,Minor,Interference
168_penalty_1144,1144,168,5,192,192,2,3,1,3,13:06,2,2:00,0,0,1,22,1,Minor,Interference
168_penalty_1145,1145,168,5,104,104,2,3,1,3,14:23,2,2:00,0,0,1,9,1,Minor,Delay of Game
169_penalty_1153,1153,169,5,189,189,2,6,1,1,9:23,2,2:00,0,0,1,30,1,Minor,Roughing
169_penalty_1154,1154,169,5,67,67,6,2,0,1,14:49,2,2:00,0,0,1,35,1,Minor,Tripping
169_penalty_1155,1155,169,5,195,195,2,6,1,2,6:12,2,2:00,0,0,1,31,1,Minor,Slashing
169_penalty_1156,1156,169,5,115,115,2,6,1,3,16:56,2,2:00,0,0,1,35,1,Minor,Tripping
170_penalty_1157,1157,170,5,84,199,3,4,1,1,14:45,5,5:00,0,0,1,97,3,Major,Major - Check to the Head
170_penalty_1158,1158,170,5,84,84,3,4,1,1,14:45,10,10:00,0,0,0,73,5,Misconduct,Game Misconduct
170_penalty_1159,1159,170,5,116,116,3,4,1,3,1:04,2,2:00,0,0,1,35,1,Minor,Tripping
170_penalty_1161,1161,170,5,205,205,4,3,0,3,8:26,2,2:00,0,0,0,30,1,Minor,Roughing
170_penalty_1160,1160,170,5,99,99,3,4,1,3,8:26,2,2:00,0,0,0,30,1,Minor,Roughing
170_penalty_1162,1162,170,5,196,196,3,4,1,3,10:18,2,2:00,0,0,1,16,1,Minor,Holding
170_penalty_1163,1163,170,5,42,42,4,3,0,3,11:16,2,2:00,0,0,1,16,1,Minor,Holding
170_penalty_1164,1164,170,5,230,230,4,3,0,3,18:43,2,2:00,0,0,1,16,1,Minor,Holding
171_penalty_1165,1165,171,5,180,180,1,5,1,1,0:31,2,2:00,0,0,1,22,1,Minor,Interference
171_penalty_1166,1166,171,5,15,15,1,5,1,3,5:48,2,2:00,0,0,1,3,1,Minor,Boarding
171_penalty_1167,1167,171,5,221,221,5,1,0,3,6:11,2,2:00,0,0,1,35,1,Minor,Tripping
171_penalty_1169,1169,171,5,52,219,5,1,0,3,8:55,5,5:00,0,0,1,97,3,Major,Major - Check to the Head
171_penalty_1170,1170,171,5,52,52,5,1,0,3,8:55,10,10:00,0,0,0,73,5,Misconduct,Game Misconduct
171_penalty_1168,1168,171,5,15,15,1,5,1,3,8:55,2,2:00,0,0,0,30,1,Minor,Roughing
171_penalty_1171,1171,171,5,223,223,5,1,0,3,18:37,2,2:00,0,0,1,16,1,Minor,Holding
172_penalty_669,669,172,5,223,223,5,3,1,1,5:37,2,2:00,0,0,1,31,1,Minor,Slashing
172_penalty_670,670,172,5,88,88,5,3,1,2,1:10,2,2:00,0,0,1,34,1,Minor,Too Many Players
172_penalty_671,671,172,5,51,51,3,5,0,2,4:04,2,2:00,0,0,1,30,1,Minor,Roughing
172_penalty_672,672,172,5,199,199,3,5,0,2,6:12,2,2:00,0,0,1,15,1,Minor,High Sticking
172_penalty_673,673,172,5,57,57,5,3,1,2,9:19,2,2:00,0,0,1,8,1,Minor,Cross Checking
172_penalty_674,674,172,5,220,220,5,3,1,3,10:35,2,2:00,0,0,1,8,1,Minor,Cross Checking
173_penalty_767,767,173,5,2,2,1,3,1,1,5:39,2,2:00,0,0,1,35,1,Minor,Tripping
173_penalty_768,768,173,5,30,30,3,1,0,1,12:47,2,2:00,0,0,1,31,1,Minor,Slashing
173_penalty_769,769,173,5,98,98,3,1,0,2,7:24,2,2:00,0,0,1,22,1,Minor,Interference
173_penalty_770,770,173,5,,201,3,1,0,2,11:40,2,2:00,1,0,1,34,1,Minor,Too Many Players
173_penalty_771,771,173,5,203,203,3,1,0,2,12:02,2,2:00,0,0,1,18,1,Minor,Hooking
173_penalty_772,772,173,5,181,181,1,3,1,2,13:00,2,2:00,0,0,1,35,1,Minor,Tripping
173_penalty_773,773,173,5,78,78,1,3,1,3,3:18,2,2:00,0,0,1,22,1,Minor,Interference
173_penalty_774,774,173,5,98,98,3,1,0,3,10:35,2,2:00,0,0,1,35,1,Minor,Tripping
173_penalty_775,775,173,5,31,31,3,1,0,3,19:47,2,2:00,0,0,1,3,1,Minor,Boarding
174_penalty_783,783,174,5,199,199,3,6,0,1,9:42,2,2:00,0,0,1,35,1,Minor,Tripping
174_penalty_784,784,174,5,65,65,6,3,1,1,17:14,2,2:00,0,0,1,35,1,Minor,Tripping
174_penalty_785,785,174,5,99,99,3,6,0,2,8:06,2,2:00,0,0,1,35,1,Minor,Tripping
174_penalty_786,786,174,5,214,214,6,3,1,2,11:29,2,2:00,0,0,1,35,1,Minor,Tripping
175_penalty_803,803,175,5,157,157,3,2,0,1,4:57,2,2:00,0,0,1,18,1,Minor,Hooking
175_penalty_804,804,175,5,32,32,3,2,0,1,16:19,2,2:00,0,0,1,15,1,Minor,High Sticking
175_penalty_805,805,175,5,104,104,2,3,1,1,19:58,2,2:00,0,0,1,35,1,Minor,Tripping
175_penalty_799,799,175,5,115,115,2,3,1,2,4:15,2,2:00,0,0,1,18,1,Minor,Hooking
175_penalty_800,800,175,5,138,138,3,2,0,2,7:34,2,2:00,0,0,1,35,1,Minor,Tripping
175_penalty_801,801,175,5,102,102,2,3,1,2,13:44,2,2:00,0,0,1,31,1,Minor,Slashing
175_penalty_802,802,175,5,104,104,2,3,1,2,19:32,2,2:00,0,0,1,3,1,Minor,Boarding
176_penalty_825,825,176,5,28,201,3,5,1,1,10:57,2,2:00,0,0,1,22,1,Minor,Interference
176_penalty_826,826,176,5,101,101,5,3,0,2,3:10,2,2:00,0,0,1,31,1,Minor,Slashing
176_penalty_827,827,176,5,224,224,5,3,0,2,18:02,2,2:00,0,0,1,16,1,Minor,Holding
176_penalty_828,828,176,5,98,98,3,5,1,3,6:29,2,2:00,0,0,1,18,1,Minor,Hooking
176_penalty_829,829,176,5,219,219,5,3,0,3,13:12,2,2:00,0,0,1,22,1,Minor,Interference
177_penalty_840,840,177,5,35,35,4,6,0,1,6:25,2,2:00,0,0,1,22,1,Minor,Interference
177_penalty_841,841,177,5,75,75,6,4,1,1,11:30,2,2:00,0,0,1,8,1,Minor,Cross Checking
177_penalty_842,842,177,5,230,230,4,6,0,1,15:37,2,2:00,0,0,1,9,1,Minor,Delay of Game
177_penalty_843,843,177,5,208,208,6,4,1,2,9:09,2,2:00,0,0,1,8,1,Minor,Cross Checking
177_penalty_844,844,177,5,76,76,6,4,1,3,4:05,2,2:00,0,0,1,35,1,Minor,Tripping
177_penalty_845,845,177,5,,36,4,6,0,3,5:01,2,2:00,1,0,1,34,1,Minor,Too Many Players
177_penalty_846,846,177,5,87,87,4,6,0,3,13:56,2,2:00,0,0,1,35,1,Minor,Tripping
178_penalty_946,946,178,5,65,65,6,5,0,1,2:48,2,2:00,0,0,1,31,1,Minor,Slashing
178_penalty_947,947,178,5,67,67,6,5,0,1,17:57,2,2:00,0,0,1,35,1,Minor,Tripping
178_penalty_948,948,178,5,71,71,5,6,1,2,4:36,2,2:00,0,0,1,18,1,Minor,Hooking
178_penalty_949,949,178,5,71,71,5,6,1,2,14:44,2,2:00,0,0,1,18,1,Minor,Hooking
178_penalty_950,950,178,5,67,67,6,5,0,2,17:05,2,2:00,0,0,1,18,1,Minor,Hooking
178_penalty_951,951,178,5,62,62,5,6,1,2,19:08,2,2:00,0,0,1,18,1,Minor,Hooking
178_penalty_952,952,178,5,66,66,6,5,0,3,2:59,2,2:00,0,0,1,18,1,Minor,Hooking
178_penalty_953,953,178,5,86,86,6,5,0,3,5:13,2,2:00,0,0,0,30,1,Minor,Roughing
178_penalty_955,955,178,5,86,210,6,5,0,3,5:13,2,2:00,0,0,1,8,1,Minor,Cross Checking
178_penalty_954,954,178,5,223,223,5,6,1,3,5:13,2,2:00,0,0,0,30,1,Minor,Roughing
178_penalty_956,956,178,5,58,58,5,6,1,3,7:21,2,2:00,0,0,1,35,1,Minor,Tripping
178_penalty_957,957,178,5,232,232,6,5,0,3,15:01,2,2:00,0,0,1,8,1,Minor,Cross Checking
178_penalty_958,958,178,5,4,4,5,6,1,3,16:34,2,2:00,0,0,1,8,1,Minor,Cross Checking
179_penalty_1003,1003,179,5,38,38,4,1,1,1,6:54,2,2:00,0,0,1,22,1,Minor,Interference
179_penalty_1004,1004,179,5,110,110,1,4,0,1,7:54,2,2:00,0,0,1,22,1,Minor,Interference
179_penalty_1005,1005,179,5,36,36,4,1,1,2,9:49,2,2:00,0,0,1,34,1,Minor,Too Many Players
179_penalty_1006,1006,179,5,44,44,4,1,1,2,18:33,2,2:00,0,0,1,8,1,Minor,Cross Checking
179_penalty_1007,1007,179,5,180,180,1,4,0,2,19:52,2,2:00,0,0,1,8,1,Minor,Cross Checking
179_penalty_1008,1008,179,5,78,78,1,4,0,3,3:27,2,2:00,0,0,1,83,1,Minor,Ob-Tripping
179_penalty_1009,1009,179,5,206,206,4,1,1,3,15:02,2,2:00,0,0,1,8,1,Minor,Cross Checking
180_penalty_1020,1020,180,5,30,30,3,1,1,1,9:31,2,2:00,0,0,1,15,1,Minor,High Sticking
180_penalty_1021,1021,180,5,31,31,3,1,1,1,17:08,2,2:00,0,0,1,94,1,Minor,Illegal Body Checking
180_penalty_1022,1022,180,5,98,98,3,1,1,1,18:42,2,2:00,0,0,1,9,1,Minor,Delay of Game
180_penalty_1023,1023,180,5,49,49,1,3,0,2,3:57,2,2:00,0,0,1,16,1,Minor,Holding
180_penalty_1024,1024,180,5,114,114,3,1,1,2,15:08,2,2:00,0,0,1,85,1,Minor,Closing Hand on Puck
180_penalty_1025,1025,180,5,5,5,1,3,0,3,5:04,2,2:00,0,0,1,18,1,Minor,Hooking
180_penalty_1026,1026,180,5,180,180,1,3,0,3,9:53,2,2:00,0,0,1,94,1,Minor,Illegal Body Checking
181_penalty_1049,1049,181,5,161,161,5,2,0,1,8:18,2,2:00,0,0,1,35,1,Minor,Tripping
181_penalty_1050,1050,181,5,189,189,2,5,1,2,1:38,2,2:00,0,0,1,15,1,Minor,High Sticking
181_penalty_1051,1051,181,5,11,11,2,5,1,2,8:38,2,2:00,0,0,1,35,1,Minor,Tripping
181_penalty_1052,1052,181,5,191,191,2,5,1,2,15:19,2,2:00,0,0,1,3,1,Minor,Boarding
181_penalty_1053,1053,181,5,192,192,2,5,1,3,15:11,2,2:00,0,0,1,22,1,Minor,Interference
182_penalty_1054,1054,182,5,17,17,1,3,1,1,9:21,2,2:00,0,0,1,16,1,Minor,Holding
182_penalty_1055,1055,182,5,30,30,3,1,0,2,1:36,2,2:00,0,0,1,31,1,Minor,Slashing
182_penalty_1056,1056,182,5,13,13,1,3,1,2,6:31,2,2:00,0,0,1,3,1,Minor,Boarding
182_penalty_1057,1057,182,5,138,138,3,1,0,3,5:52,2,2:00,0,0,1,35,1,Minor,Tripping
183_penalty_1087,1087,183,5,206,206,4,2,1,1,6:03,2,2:00,0,0,1,16,1,Minor,Holding
183_penalty_1088,1088,183,5,169,169,2,4,0,1,10:16,2,2:00,0,0,1,35,1,Minor,Tripping
183_penalty_1089,1089,183,5,11,11,2,4,0,1,19:55,2,2:00,0,0,1,18,1,Minor,Hooking
183_penalty_1090,1090,183,5,115,115,2,4,0,3,0:44,2,2:00,0,0,1,22,1,Minor,Interference
183_penalty_1091,1091,183,5,9,9,4,2,1,3,3:00,2,2:00,0,0,1,18,1,Minor,Hooking
183_penalty_1092,1092,183,5,35,35,4,2,1,3,3:43,2,2:00,0,0,1,16,1,Minor,Holding
184_penalty_1134,1134,184,5,167,167,1,6,1,1,4:42,2,2:00,0,0,1,18,1,Minor,Hooking
184_penalty_1135,1135,184,5,76,76,6,1,0,1,15:34,2,2:00,0,0,1,22,1,Minor,Interference
184_penalty_1136,1136,184,5,74,74,6,1,0,1,17:31,2,2:00,0,0,1,3,1,Minor,Boarding
184_penalty_1137,1137,184,5,17,17,1,6,1,1,18:57,2,2:00,0,0,1,16,1,Minor,Holding
184_penalty_1138,1138,184,5,67,67,6,1,0,2,12:14,2,2:00,0,0,1,18,1,Minor,Hooking
184_penalty_1141,1141,184,5,12,12,1,6,1,3,15:51,2,2:00,0,0,1,16,1,Minor,Holding
184_penalty_1140,1140,184,5,5,5,1,6,1,3,15:51,2,2:00,0,0,1,30,1,Minor,Roughing
184_penalty_1143,1143,184,5,175,2,1,6,1,3,19:57,5,5:00,0,0,1,69,4,Match,Match-Attempt/Injure
185_penalty_1146,1146,185,5,60,60,5,1,0,1,5:45,2,2:00,0,0,1,16,1,Minor,Holding
185_penalty_1147,1147,185,5,62,62,5,1,0,1,9:45,2,2:00,0,0,1,35,1,Minor,Tripping
185_penalty_1148,1148,185,5,60,60,5,1,0,1,16:51,2,2:00,0,0,1,35,1,Minor,Tripping
185_penalty_1149,1149,185,5,118,118,1,5,1,3,1:48,2,2:00,0,0,1,16,1,Minor,Holding
185_penalty_1150,1150,185,5,125,125,5,1,0,3,12:57,2,2:00,0,0,1,35,1,Minor,Tripping
185_penalty_1151,1151,185,5,8,8,1,5,1,3,16:26,2,2:00,0,0,1,102,1,Minor,Delay of Game - Coaches Challenge
185_penalty_1152,1152,185,5,58,58,5,1,0,3,18:25,2,2:00,0,0,1,16,1,Minor,Holding
